#
# There is insufficient memory for the Java Runtime Environment to continue.
# Native memory allocation (malloc) failed to allocate 2411920 bytes. Error detail: Chunk::new
# Possible reasons:
#   The system is out of physical RAM or swap space
#   This process is running with CompressedOops enabled, and the Java Heap may be blocking the growth of the native heap
# Possible solutions:
#   Reduce memory load on the system
#   Increase physical memory or swap space
#   Check if swap backing store is full
#   Decrease Java heap size (-Xmx/-Xms)
#   Decrease number of Java threads
#   Decrease Java thread stack sizes (-Xss)
#   Set larger code cache with -XX:ReservedCodeCacheSize=
#   JVM is running with Unscaled Compressed Oops mode in which the Java heap is
#     placed in the first 4GB address space. The Java Heap base address is the
#     maximum limit for the native heap growth. Please use -XX:HeapBaseMinAddress
#     to set the Java Heap base and to place the Java Heap above 4GB virtual address.
# This output file may be truncated or incomplete.
#
#  Out of Memory Error (arena.cpp:168), pid=6696, tid=9572
#
# JRE version: OpenJDK Runtime Environment (21.0.5) (build 21.0.5+-13047016-b750.29)
# Java VM: OpenJDK 64-Bit Server VM (21.0.5+-13047016-b750.29, mixed mode, tiered, compressed oops, compressed class ptrs, g1 gc, windows-amd64)
# No core dump will be written. Minidumps are not enabled by default on client versions of Windows
#

---------------  S U M M A R Y ------------

Command Line: --add-opens=java.base/java.util=ALL-UNNAMED --add-opens=java.base/java.lang=ALL-UNNAMED --add-opens=java.base/java.lang.invoke=ALL-UNNAMED --add-opens=java.prefs/java.util.prefs=ALL-UNNAMED --add-exports=jdk.compiler/com.sun.tools.javac.api=ALL-UNNAMED --add-exports=jdk.compiler/com.sun.tools.javac.util=ALL-UNNAMED --add-opens=java.base/java.nio.charset=ALL-UNNAMED --add-opens=java.base/java.net=ALL-UNNAMED --add-opens=java.base/java.util.concurrent.atomic=ALL-UNNAMED -Xmx2048m -Dfile.encoding=UTF-8 -Duser.country=US -Duser.language=en -Duser.variant -javaagent:C:\Users\HA VAN DAT\.gradle\wrapper\dists\gradle-8.10.2-bin\a04bxjujx95o3nb99gddekhwo\gradle-8.10.2\lib\agents\gradle-instrumentation-agent-8.10.2.jar org.gradle.launcher.daemon.bootstrap.GradleDaemon 8.10.2

Host: AMD Ryzen 3 3250U with Radeon Graphics         , 4 cores, 9G,  Windows 11 , 64 bit Build 22621 (10.0.22621.5124)
Time: Wed Apr  9 14:55:29 2025 SE Asia Standard Time elapsed time: 148.680315 seconds (0d 0h 2m 28s)

---------------  T H R E A D  ---------------

Current thread (0x00000184de1ff740):  JavaThread "C2 CompilerThread0" daemon [_thread_in_native, id=9572, stack(0x0000007017d00000,0x0000007017e00000) (1024K)]


Current CompileTask:
C2:148680 20841       4       com.android.tools.r8.internal.rd::a (6886 bytes)

Stack: [0x0000007017d00000,0x0000007017e00000]
Native frames: (J=compiled Java code, j=interpreted, Vv=VM code, C=native code)
V  [jvm.dll+0x6cfb29]
V  [jvm.dll+0x85df93]
V  [jvm.dll+0x8604ee]
V  [jvm.dll+0x860bd3]
V  [jvm.dll+0x27e6b6]
V  [jvm.dll+0xbff6d]
V  [jvm.dll+0xc04a3]
V  [jvm.dll+0x3b5ffb]
V  [jvm.dll+0x381f97]
V  [jvm.dll+0x38140a]
V  [jvm.dll+0x247c62]
V  [jvm.dll+0x247231]
V  [jvm.dll+0x1c5ee4]
V  [jvm.dll+0x25697c]
V  [jvm.dll+0x254ec6]
V  [jvm.dll+0x3f0ce6]
V  [jvm.dll+0x806368]
V  [jvm.dll+0x6ce3fd]
C  [ucrtbase.dll+0x29333]
C  [KERNEL32.DLL+0x1259d]
C  [ntdll.dll+0x5af38]


---------------  P R O C E S S  ---------------

Threads class SMR info:
_java_thread_list=0x00000184e4561050, length=91, elements={
0x00000184c71bd170, 0x00000184de1ee950, 0x00000184de1efca0, 0x00000184de1d7050,
0x00000184de1d76b0, 0x00000184de1d88a0, 0x00000184de1d9a90, 0x00000184de1ff740,
0x00000184de1dcd50, 0x00000184de3499d0, 0x00000184de4e7cd0, 0x00000184e3450310,
0x00000184e4382740, 0x00000184e3a818a0, 0x00000184e43815b0, 0x00000184e42d30d0,
0x00000184e41406d0, 0x00000184de993c40, 0x00000184de9942a0, 0x00000184e42af820,
0x00000184e42ae470, 0x00000184e42afeb0, 0x00000184e42b0540, 0x00000184e42b0bd0,
0x00000184e42b1260, 0x00000184e42b18f0, 0x00000184e42aeb00, 0x00000184e4c4bdc0,
0x00000184e4c4e520, 0x00000184e4c51310, 0x00000184e4c52030, 0x00000184e4c4c450,
0x00000184e4c505f0, 0x00000184e4c519a0, 0x00000184e4c4d800, 0x00000184e4c526c0,
0x00000184e4c4b730, 0x00000184e4c4de90, 0x00000184e4739940, 0x00000184e473b380,
0x00000184e4735e30, 0x00000184e473ba10, 0x00000184e4735110, 0x00000184e4b03860,
0x00000184e4b06ce0, 0x00000184e4b05fc0, 0x00000184e4b07370, 0x00000184e4b07a00,
0x00000184e4b01790, 0x00000184e4b06650, 0x00000184e4b01e20, 0x00000184e4b02b40,
0x00000184e4b08db0, 0x00000184e4b031d0, 0x00000184e4b03ef0, 0x00000184e882f730,
0x00000184e5774260, 0x00000184e576d960, 0x00000184e576e680, 0x00000184e576ed10,
0x00000184e576fa30, 0x00000184e57700c0, 0x00000184ee63d8a0, 0x00000184ee639700,
0x00000184ee639070, 0x00000184ee63be60, 0x00000184ee63cb80, 0x00000184ee636fa0,
0x00000184ee637630, 0x00000184ee639d90, 0x00000184ee637cc0, 0x00000184ee63aab0,
0x00000184ee63b140, 0x00000184ee63c4f0, 0x00000184ee63d210, 0x00000184ee636910,
0x00000184ee63df30, 0x00000184e5772eb0, 0x00000184e576d2d0, 0x00000184e5770750,
0x00000184e5770de0, 0x00000184e5771470, 0x00000184e576f3a0, 0x00000184e5771b00,
0x00000184e576dff0, 0x00000184e8832bb0, 0x00000184e882e380, 0x00000184e88345f0,
0x00000184e4ec8670, 0x00000184e4ec8d00, 0x00000184e4ec9390
}

Java Threads: ( => current thread )
  0x00000184c71bd170 JavaThread "main"                              [_thread_blocked, id=13956, stack(0x0000007016f00000,0x0000007017000000) (1024K)]
  0x00000184de1ee950 JavaThread "Reference Handler"          daemon [_thread_blocked, id=1696, stack(0x0000007017700000,0x0000007017800000) (1024K)]
  0x00000184de1efca0 JavaThread "Finalizer"                  daemon [_thread_blocked, id=15268, stack(0x0000007017800000,0x0000007017900000) (1024K)]
  0x00000184de1d7050 JavaThread "Signal Dispatcher"          daemon [_thread_blocked, id=4488, stack(0x0000007017900000,0x0000007017a00000) (1024K)]
  0x00000184de1d76b0 JavaThread "Attach Listener"            daemon [_thread_blocked, id=6708, stack(0x0000007017a00000,0x0000007017b00000) (1024K)]
  0x00000184de1d88a0 JavaThread "Service Thread"             daemon [_thread_blocked, id=16164, stack(0x0000007017b00000,0x0000007017c00000) (1024K)]
  0x00000184de1d9a90 JavaThread "Monitor Deflation Thread"   daemon [_thread_blocked, id=14680, stack(0x0000007017c00000,0x0000007017d00000) (1024K)]
=>0x00000184de1ff740 JavaThread "C2 CompilerThread0"         daemon [_thread_in_native, id=9572, stack(0x0000007017d00000,0x0000007017e00000) (1024K)]
  0x00000184de1dcd50 JavaThread "C1 CompilerThread0"         daemon [_thread_blocked, id=14524, stack(0x0000007017e00000,0x0000007017f00000) (1024K)]
  0x00000184de3499d0 JavaThread "Common-Cleaner"             daemon [_thread_blocked, id=4800, stack(0x0000007017f00000,0x0000007018000000) (1024K)]
  0x00000184de4e7cd0 JavaThread "Notification Thread"        daemon [_thread_blocked, id=12088, stack(0x0000007018000000,0x0000007018100000) (1024K)]
  0x00000184e3450310 JavaThread "Daemon health stats"               [_thread_blocked, id=13224, stack(0x0000007018100000,0x0000007018200000) (1024K)]
  0x00000184e4382740 JavaThread "Incoming local TCP Connector on port 56682"        [_thread_in_native, id=8388, stack(0x0000007018500000,0x0000007018600000) (1024K)]
  0x00000184e3a818a0 JavaThread "Daemon periodic checks"            [_thread_blocked, id=4796, stack(0x0000007018600000,0x0000007018700000) (1024K)]
  0x00000184e43815b0 JavaThread "Daemon"                            [_thread_blocked, id=3872, stack(0x0000007018700000,0x0000007018800000) (1024K)]
  0x00000184e42d30d0 JavaThread "Handler for socket connection from /127.0.0.1:56682 to /127.0.0.1:56683"        [_thread_in_native, id=11228, stack(0x0000007018800000,0x0000007018900000) (1024K)]
  0x00000184e41406d0 JavaThread "Cancel handler"                    [_thread_blocked, id=10608, stack(0x0000007018900000,0x0000007018a00000) (1024K)]
  0x00000184de993c40 JavaThread "Daemon worker"                     [_thread_blocked, id=1008, stack(0x0000007018a00000,0x0000007018b00000) (1024K)]
  0x00000184de9942a0 JavaThread "Asynchronous log dispatcher for DefaultDaemonConnection: socket connection from /127.0.0.1:56682 to /127.0.0.1:56683"        [_thread_blocked, id=15988, stack(0x0000007018b00000,0x0000007018c00000) (1024K)]
  0x00000184e42af820 JavaThread "Stdin handler"                     [_thread_blocked, id=2060, stack(0x0000007018c00000,0x0000007018d00000) (1024K)]
  0x00000184e42ae470 JavaThread "Daemon client event forwarder"        [_thread_blocked, id=10224, stack(0x0000007018d00000,0x0000007018e00000) (1024K)]
  0x00000184e42afeb0 JavaThread "Cache worker for journal cache (C:\Users\HA VAN DAT\.gradle\caches\journal-1)"        [_thread_blocked, id=3528, stack(0x0000007018e00000,0x0000007018f00000) (1024K)]
  0x00000184e42b0540 JavaThread "File lock request listener"        [_thread_in_native, id=14000, stack(0x0000007018f00000,0x0000007019000000) (1024K)]
  0x00000184e42b0bd0 JavaThread "Cache worker for file hash cache (C:\Users\HA VAN DAT\.gradle\caches\8.10.2\fileHashes)"        [_thread_blocked, id=8592, stack(0x0000007019000000,0x0000007019100000) (1024K)]
  0x00000184e42b1260 JavaThread "Cache worker for file hash cache (E:\LapTrinhUngDungDiDong\App_QuickQuiz\.gradle\8.10.2\fileHashes)"        [_thread_blocked, id=12148, stack(0x0000007019200000,0x0000007019300000) (1024K)]
  0x00000184e42b18f0 JavaThread "Cache worker for Build Output Cleanup Cache (E:\LapTrinhUngDungDiDong\App_QuickQuiz\.gradle\buildOutputCleanup)"        [_thread_blocked, id=3076, stack(0x0000007019300000,0x0000007019400000) (1024K)]
  0x00000184e42aeb00 JavaThread "File watcher server"        daemon [_thread_in_native, id=11696, stack(0x0000007019100000,0x0000007019200000) (1024K)]
  0x00000184e4c4bdc0 JavaThread "File watcher consumer"      daemon [_thread_blocked, id=1408, stack(0x0000007019400000,0x0000007019500000) (1024K)]
  0x00000184e4c4e520 JavaThread "Cache worker for checksums cache (E:\LapTrinhUngDungDiDong\App_QuickQuiz\.gradle\8.10.2\checksums)"        [_thread_blocked, id=6376, stack(0x0000007019500000,0x0000007019600000) (1024K)]
  0x00000184e4c51310 JavaThread "Cache worker for file content cache (C:\Users\HA VAN DAT\.gradle\caches\8.10.2\fileContent)"        [_thread_blocked, id=7572, stack(0x0000007019600000,0x0000007019700000) (1024K)]
  0x00000184e4c52030 JavaThread "Cache worker for cache directory md-rule (C:\Users\HA VAN DAT\.gradle\caches\8.10.2\md-rule)"        [_thread_blocked, id=12808, stack(0x0000007019700000,0x0000007019800000) (1024K)]
  0x00000184e4c4c450 JavaThread "Cache worker for cache directory md-supplier (C:\Users\HA VAN DAT\.gradle\caches\8.10.2\md-supplier)"        [_thread_blocked, id=13308, stack(0x0000007019800000,0x0000007019900000) (1024K)]
  0x00000184e4c505f0 JavaThread "Unconstrained build operations"        [_thread_blocked, id=11692, stack(0x0000007019b00000,0x0000007019c00000) (1024K)]
  0x00000184e4c519a0 JavaThread "Unconstrained build operations Thread 2"        [_thread_blocked, id=12532, stack(0x0000007019c00000,0x0000007019d00000) (1024K)]
  0x00000184e4c4d800 JavaThread "Unconstrained build operations Thread 3"        [_thread_blocked, id=13980, stack(0x0000007019d00000,0x0000007019e00000) (1024K)]
  0x00000184e4c526c0 JavaThread "Unconstrained build operations Thread 4"        [_thread_blocked, id=15052, stack(0x0000007019e00000,0x0000007019f00000) (1024K)]
  0x00000184e4c4b730 JavaThread "Unconstrained build operations Thread 5"        [_thread_blocked, id=15832, stack(0x0000007019f00000,0x000000701a000000) (1024K)]
  0x00000184e4c4de90 JavaThread "Unconstrained build operations Thread 6"        [_thread_in_vm, id=11688, stack(0x0000007019900000,0x0000007019a00000) (1024K)]
  0x00000184e4739940 JavaThread "Unconstrained build operations Thread 7"        [_thread_blocked, id=14328, stack(0x000000701a000000,0x000000701a100000) (1024K)]
  0x00000184e473b380 JavaThread "Unconstrained build operations Thread 8"        [_thread_blocked, id=7404, stack(0x000000701a100000,0x000000701a200000) (1024K)]
  0x00000184e4735e30 JavaThread "Unconstrained build operations Thread 9"        [_thread_blocked, id=7688, stack(0x000000701a200000,0x000000701a300000) (1024K)]
  0x00000184e473ba10 JavaThread "build event listener"              [_thread_blocked, id=16364, stack(0x000000701a400000,0x000000701a500000) (1024K)]
  0x00000184e4735110 JavaThread "Memory manager"                    [_thread_blocked, id=8036, stack(0x000000701a500000,0x000000701a600000) (1024K)]
  0x00000184e4b03860 JavaThread "included builds"                   [_thread_blocked, id=7556, stack(0x000000701a300000,0x000000701a400000) (1024K)]
  0x00000184e4b06ce0 JavaThread "Execution worker"                  [_thread_blocked, id=10912, stack(0x000000701a600000,0x000000701a700000) (1024K)]
  0x00000184e4b05fc0 JavaThread "Execution worker Thread 2"         [_thread_blocked, id=10928, stack(0x000000701a700000,0x000000701a800000) (1024K)]
  0x00000184e4b07370 JavaThread "Execution worker Thread 3"         [_thread_blocked, id=7232, stack(0x000000701a800000,0x000000701a900000) (1024K)]
  0x00000184e4b07a00 JavaThread "Cache worker for execution history cache (E:\LapTrinhUngDungDiDong\App_QuickQuiz\.gradle\8.10.2\executionHistory)"        [_thread_blocked, id=4304, stack(0x000000701a900000,0x000000701aa00000) (1024K)]
  0x00000184e4b01790 JavaThread "Unconstrained build operations Thread 10"        [_thread_blocked, id=16248, stack(0x000000701aa00000,0x000000701ab00000) (1024K)]
  0x00000184e4b06650 JavaThread "Unconstrained build operations Thread 11"        [_thread_blocked, id=10700, stack(0x000000701ac00000,0x000000701ad00000) (1024K)]
  0x00000184e4b01e20 JavaThread "Unconstrained build operations Thread 12"        [_thread_blocked, id=7932, stack(0x000000701ad00000,0x000000701ae00000) (1024K)]
  0x00000184e4b02b40 JavaThread "WorkerExecutor Queue Thread 2"        [_thread_blocked, id=2096, stack(0x000000701b000000,0x000000701b100000) (1024K)]
  0x00000184e4b08db0 JavaThread "Unconstrained build operations Thread 13"        [_thread_blocked, id=8820, stack(0x000000701b100000,0x000000701b200000) (1024K)]
  0x00000184e4b031d0 JavaThread "Unconstrained build operations Thread 14"        [_thread_blocked, id=15460, stack(0x000000701b200000,0x000000701b300000) (1024K)]
  0x00000184e4b03ef0 JavaThread "Unconstrained build operations Thread 15"        [_thread_blocked, id=6876, stack(0x000000701b300000,0x000000701b400000) (1024K)]
  0x00000184e882f730 JavaThread "WorkerExecutor Queue Thread 4"        [_thread_blocked, id=7856, stack(0x0000007016e00000,0x0000007016f00000) (1024K)]
  0x00000184e5774260 JavaThread "Unconstrained build operations Thread 16"        [_thread_blocked, id=9688, stack(0x0000007016c00000,0x0000007016d00000) (1024K)]
  0x00000184e576d960 JavaThread "Unconstrained build operations Thread 17"        [_thread_blocked, id=12344, stack(0x000000701b500000,0x000000701b600000) (1024K)]
  0x00000184e576e680 JavaThread "Unconstrained build operations Thread 18"        [_thread_blocked, id=9100, stack(0x000000701b600000,0x000000701b700000) (1024K)]
  0x00000184e576ed10 JavaThread "Unconstrained build operations Thread 19"        [_thread_blocked, id=12096, stack(0x000000701b800000,0x000000701b900000) (1024K)]
  0x00000184e576fa30 JavaThread "Unconstrained build operations Thread 20"        [_thread_blocked, id=8224, stack(0x000000701b900000,0x000000701ba00000) (1024K)]
  0x00000184e57700c0 JavaThread "Unconstrained build operations Thread 21"        [_thread_blocked, id=964, stack(0x000000701ba00000,0x000000701bb00000) (1024K)]
  0x00000184ee63d8a0 JavaThread "Unconstrained build operations Thread 22"        [_thread_blocked, id=13176, stack(0x000000701b700000,0x000000701b800000) (1024K)]
  0x00000184ee639700 JavaThread "Unconstrained build operations Thread 23"        [_thread_blocked, id=1432, stack(0x000000701bb00000,0x000000701bc00000) (1024K)]
  0x00000184ee639070 JavaThread "Unconstrained build operations Thread 24"        [_thread_blocked, id=8640, stack(0x000000701bc00000,0x000000701bd00000) (1024K)]
  0x00000184ee63be60 JavaThread "WorkerExecutor Queue Thread 5"        [_thread_blocked, id=11440, stack(0x000000701bd00000,0x000000701be00000) (1024K)]
  0x00000184ee63cb80 JavaThread "Unconstrained build operations Thread 25"        [_thread_blocked, id=3708, stack(0x000000701be00000,0x000000701bf00000) (1024K)]
  0x00000184ee636fa0 JavaThread "Unconstrained build operations Thread 26"        [_thread_blocked, id=15256, stack(0x000000701bf00000,0x000000701c000000) (1024K)]
  0x00000184ee637630 JavaThread "Unconstrained build operations Thread 27"        [_thread_blocked, id=1360, stack(0x000000701c000000,0x000000701c100000) (1024K)]
  0x00000184ee639d90 JavaThread "WorkerExecutor Queue Thread 6"        [_thread_blocked, id=11900, stack(0x000000701ab00000,0x000000701ac00000) (1024K)]
  0x00000184ee637cc0 JavaThread "Unconstrained build operations Thread 28"        [_thread_blocked, id=5548, stack(0x000000701c100000,0x000000701c200000) (1024K)]
  0x00000184ee63aab0 JavaThread "Unconstrained build operations Thread 29"        [_thread_blocked, id=8740, stack(0x000000701c200000,0x000000701c300000) (1024K)]
  0x00000184ee63b140 JavaThread "Unconstrained build operations Thread 30"        [_thread_blocked, id=11032, stack(0x000000701c300000,0x000000701c400000) (1024K)]
  0x00000184ee63c4f0 JavaThread "Unconstrained build operations Thread 31"        [_thread_blocked, id=4388, stack(0x000000701c400000,0x000000701c500000) (1024K)]
  0x00000184ee63d210 JavaThread "pool-3-thread-1"                   [_thread_blocked, id=9944, stack(0x000000701c500000,0x000000701c600000) (1024K)]
  0x00000184ee636910 JavaThread "stderr"                            [_thread_in_native, id=12792, stack(0x000000701c600000,0x000000701c700000) (1024K)]
  0x00000184ee63df30 JavaThread "stdout"                            [_thread_in_native, id=12768, stack(0x000000701c700000,0x000000701c800000) (1024K)]
  0x00000184e5772eb0 JavaThread "stderr"                            [_thread_in_native, id=9780, stack(0x0000007016d00000,0x0000007016e00000) (1024K)]
  0x00000184e576d2d0 JavaThread "stdout"                            [_thread_in_native, id=11372, stack(0x000000701c800000,0x000000701c900000) (1024K)]
  0x00000184e5770750 JavaThread "Unconstrained build operations Thread 32"        [_thread_blocked, id=14040, stack(0x000000701ca00000,0x000000701cb00000) (1024K)]
  0x00000184e5770de0 JavaThread "Unconstrained build operations Thread 33"        [_thread_blocked, id=12208, stack(0x000000701cb00000,0x000000701cc00000) (1024K)]
  0x00000184e5771470 JavaThread "Unconstrained build operations Thread 34"        [_thread_blocked, id=10188, stack(0x000000701cc00000,0x000000701cd00000) (1024K)]
  0x00000184e576f3a0 JavaThread "Unconstrained build operations Thread 35"        [_thread_blocked, id=7248, stack(0x000000701cd00000,0x000000701ce00000) (1024K)]
  0x00000184e5771b00 JavaThread "Unconstrained build operations Thread 36"        [_thread_blocked, id=4188, stack(0x000000701ce00000,0x000000701cf00000) (1024K)]
  0x00000184e576dff0 JavaThread "Unconstrained build operations Thread 37"        [_thread_blocked, id=13032, stack(0x000000701cf00000,0x000000701d000000) (1024K)]
  0x00000184e8832bb0 JavaThread "Unconstrained build operations Thread 38"        [_thread_blocked, id=9968, stack(0x000000701c900000,0x000000701ca00000) (1024K)]
  0x00000184e882e380 JavaThread "Unconstrained build operations Thread 39"        [_thread_blocked, id=5164, stack(0x000000701d000000,0x000000701d100000) (1024K)]
  0x00000184e88345f0 JavaThread "Unconstrained build operations Thread 40"        [_thread_blocked, id=4500, stack(0x000000701d100000,0x000000701d200000) (1024K)]
  0x00000184e4ec8670 JavaThread "Exec process"                      [_thread_blocked, id=8728, stack(0x000000701ae00000,0x000000701af00000) (1024K)]
  0x00000184e4ec8d00 JavaThread "Exec process Thread 2"             [_thread_blocked, id=3248, stack(0x000000701af00000,0x000000701b000000) (1024K)]
  0x00000184e4ec9390 JavaThread "Exec process Thread 3"             [_thread_blocked, id=14484, stack(0x000000701b400000,0x000000701b500000) (1024K)]
Total: 91

Other Threads:
  0x00000184de024e40 VMThread "VM Thread"                           [id=14952, stack(0x0000007017600000,0x0000007017700000) (1024K)]
  0x00000184ddfcda00 WatcherThread "VM Periodic Task Thread"        [id=6480, stack(0x0000007017500000,0x0000007017600000) (1024K)]
  0x00000184c72139a0 WorkerThread "GC Thread#0"                     [id=3032, stack(0x0000007017000000,0x0000007017100000) (1024K)]
  0x00000184de7ddd70 WorkerThread "GC Thread#1"                     [id=15552, stack(0x0000007018200000,0x0000007018300000) (1024K)]
  0x00000184de4ede70 WorkerThread "GC Thread#2"                     [id=2276, stack(0x0000007018300000,0x0000007018400000) (1024K)]
  0x00000184e3636fb0 WorkerThread "GC Thread#3"                     [id=12464, stack(0x0000007018400000,0x0000007018500000) (1024K)]
  0x00000184c7224980 ConcurrentGCThread "G1 Main Marker"            [id=5608, stack(0x0000007017100000,0x0000007017200000) (1024K)]
  0x00000184c72255f0 WorkerThread "G1 Conc#0"                       [id=13388, stack(0x0000007017200000,0x0000007017300000) (1024K)]
  0x00000184c727e950 ConcurrentGCThread "G1 Refine#0"               [id=1456, stack(0x0000007017300000,0x0000007017400000) (1024K)]
  0x00000184ddea2970 ConcurrentGCThread "G1 Service"                [id=14948, stack(0x0000007017400000,0x0000007017500000) (1024K)]
Total: 10

Threads with active compile tasks:
C2 CompilerThread0  148727 20841       4       com.android.tools.r8.internal.rd::a (6886 bytes)
C1 CompilerThread0  148727 20861       2       com.android.tools.r8.internal.uZ$$Lambda/0x0000000101264ea0::apply (16 bytes)
Total: 2

VM state: not at safepoint (normal execution)

VM Mutex/Monitor currently owned by a thread: None

Heap address: 0x0000000080000000, size: 2048 MB, Compressed Oops mode: 32-bit

CDS archive(s) not mapped
Compressed class space mapped at: 0x0000000100000000-0x0000000140000000, reserved size: 1073741824
Narrow klass base: 0x0000000000000000, Narrow klass shift: 3, Narrow klass range: 0x140000000

GC Precious Log:
 CardTable entry size: 512
 Card Set container configuration: InlinePtr #cards 5 size 8 Array Of Cards #cards 12 size 40 Howl #buckets 4 coarsen threshold 1843 Howl Bitmap #cards 512 size 80 coarsen threshold 460 Card regions per heap region 1 cards per card region 2048
 CPUs: 4 total, 4 available
 Memory: 10116M
 Large Page Support: Disabled
 NUMA Support: Disabled
 Compressed Oops: Enabled (32-bit)
 Heap Region Size: 1M
 Heap Min Capacity: 8M
 Heap Initial Capacity: 160M
 Heap Max Capacity: 2G
 Pre-touch: Disabled
 Parallel Workers: 4
 Concurrent Workers: 1
 Concurrent Refinement Workers: 4
 Periodic GC: Disabled

Heap:
 garbage-first heap   total 234496K, used 142279K [0x0000000080000000, 0x0000000100000000)
  region size 1024K, 12 young (12288K), 9 survivors (9216K)
 Metaspace       used 136419K, committed 138688K, reserved 1179648K
  class space    used 18083K, committed 19200K, reserved 1048576K

Heap Regions: E=young(eden), S=young(survivor), O=old, HS=humongous(starts), HC=humongous(continues), CS=collection set, F=free, TAMS=top-at-mark-start, PB=parsable bottom
|   0|0x0000000080000000, 0x0000000080100000, 0x0000000080100000|100%|HS|  |TAMS 0x0000000080100000| PB 0x0000000080000000| Complete 
|   1|0x0000000080100000, 0x0000000080200000, 0x0000000080200000|100%|HC|  |TAMS 0x0000000080200000| PB 0x0000000080100000| Complete 
|   2|0x0000000080200000, 0x0000000080300000, 0x0000000080300000|100%|HC|  |TAMS 0x0000000080300000| PB 0x0000000080200000| Complete 
|   3|0x0000000080300000, 0x0000000080400000, 0x0000000080400000|100%|HC|  |TAMS 0x0000000080400000| PB 0x0000000080300000| Complete 
|   4|0x0000000080400000, 0x0000000080500000, 0x0000000080500000|100%| O|  |TAMS 0x0000000080500000| PB 0x0000000080400000| Untracked 
|   5|0x0000000080500000, 0x0000000080600000, 0x0000000080600000|100%| O|  |TAMS 0x0000000080600000| PB 0x0000000080500000| Untracked 
|   6|0x0000000080600000, 0x00000000806f1e80, 0x0000000080700000| 94%| O|  |TAMS 0x00000000806f1e80| PB 0x0000000080600000| Untracked 
|   7|0x0000000080700000, 0x0000000080800000, 0x0000000080800000|100%|HS|  |TAMS 0x0000000080800000| PB 0x0000000080700000| Complete 
|   8|0x0000000080800000, 0x0000000080900000, 0x0000000080900000|100%| O|  |TAMS 0x0000000080900000| PB 0x0000000080800000| Untracked 
|   9|0x0000000080900000, 0x0000000080a00000, 0x0000000080a00000|100%| O|  |TAMS 0x0000000080a00000| PB 0x0000000080900000| Untracked 
|  10|0x0000000080a00000, 0x0000000080b00000, 0x0000000080b00000|100%| O|  |TAMS 0x0000000080b00000| PB 0x0000000080a00000| Untracked 
|  11|0x0000000080b00000, 0x0000000080c00000, 0x0000000080c00000|100%| O|  |TAMS 0x0000000080c00000| PB 0x0000000080b00000| Untracked 
|  12|0x0000000080c00000, 0x0000000080d00000, 0x0000000080d00000|100%| O|  |TAMS 0x0000000080d00000| PB 0x0000000080c00000| Untracked 
|  13|0x0000000080d00000, 0x0000000080e00000, 0x0000000080e00000|100%| O|  |TAMS 0x0000000080e00000| PB 0x0000000080d00000| Untracked 
|  14|0x0000000080e00000, 0x0000000080f00000, 0x0000000080f00000|100%| O|  |TAMS 0x0000000080f00000| PB 0x0000000080e00000| Untracked 
|  15|0x0000000080f00000, 0x0000000081000000, 0x0000000081000000|100%| O|  |TAMS 0x0000000081000000| PB 0x0000000080f00000| Untracked 
|  16|0x0000000081000000, 0x0000000081100000, 0x0000000081100000|100%| O|  |TAMS 0x0000000081100000| PB 0x0000000081000000| Untracked 
|  17|0x0000000081100000, 0x0000000081200000, 0x0000000081200000|100%| O|  |TAMS 0x0000000081200000| PB 0x0000000081100000| Untracked 
|  18|0x0000000081200000, 0x0000000081300000, 0x0000000081300000|100%| O|  |TAMS 0x0000000081300000| PB 0x0000000081200000| Untracked 
|  19|0x0000000081300000, 0x0000000081400000, 0x0000000081400000|100%| O|  |TAMS 0x0000000081400000| PB 0x0000000081300000| Untracked 
|  20|0x0000000081400000, 0x0000000081500000, 0x0000000081500000|100%| O|  |TAMS 0x0000000081500000| PB 0x0000000081400000| Untracked 
|  21|0x0000000081500000, 0x0000000081600000, 0x0000000081600000|100%| O|  |TAMS 0x0000000081600000| PB 0x0000000081500000| Untracked 
|  22|0x0000000081600000, 0x0000000081700000, 0x0000000081700000|100%| O|  |TAMS 0x0000000081700000| PB 0x0000000081600000| Untracked 
|  23|0x0000000081700000, 0x0000000081800000, 0x0000000081800000|100%| O|  |TAMS 0x0000000081800000| PB 0x0000000081700000| Untracked 
|  24|0x0000000081800000, 0x0000000081900000, 0x0000000081900000|100%| O|  |TAMS 0x0000000081900000| PB 0x0000000081800000| Untracked 
|  25|0x0000000081900000, 0x0000000081a00000, 0x0000000081a00000|100%| O|  |TAMS 0x0000000081a00000| PB 0x0000000081900000| Untracked 
|  26|0x0000000081a00000, 0x0000000081b00000, 0x0000000081b00000|100%| O|  |TAMS 0x0000000081b00000| PB 0x0000000081a00000| Untracked 
|  27|0x0000000081b00000, 0x0000000081c00000, 0x0000000081c00000|100%| O|  |TAMS 0x0000000081c00000| PB 0x0000000081b00000| Untracked 
|  28|0x0000000081c00000, 0x0000000081d00000, 0x0000000081d00000|100%| O|  |TAMS 0x0000000081d00000| PB 0x0000000081c00000| Untracked 
|  29|0x0000000081d00000, 0x0000000081e00000, 0x0000000081e00000|100%| O|  |TAMS 0x0000000081e00000| PB 0x0000000081d00000| Untracked 
|  30|0x0000000081e00000, 0x0000000081f00000, 0x0000000081f00000|100%| O|  |TAMS 0x0000000081f00000| PB 0x0000000081e00000| Untracked 
|  31|0x0000000081f00000, 0x0000000082000000, 0x0000000082000000|100%| O|  |TAMS 0x0000000082000000| PB 0x0000000081f00000| Untracked 
|  32|0x0000000082000000, 0x0000000082100000, 0x0000000082100000|100%| O|  |TAMS 0x0000000082100000| PB 0x0000000082000000| Untracked 
|  33|0x0000000082100000, 0x0000000082200000, 0x0000000082200000|100%| O|  |TAMS 0x0000000082200000| PB 0x0000000082100000| Untracked 
|  34|0x0000000082200000, 0x0000000082300000, 0x0000000082300000|100%| O|  |TAMS 0x0000000082300000| PB 0x0000000082200000| Untracked 
|  35|0x0000000082300000, 0x0000000082400000, 0x0000000082400000|100%| O|  |TAMS 0x0000000082400000| PB 0x0000000082300000| Untracked 
|  36|0x0000000082400000, 0x0000000082500000, 0x0000000082500000|100%| O|  |TAMS 0x0000000082500000| PB 0x0000000082400000| Untracked 
|  37|0x0000000082500000, 0x0000000082600000, 0x0000000082600000|100%| O|  |TAMS 0x0000000082600000| PB 0x0000000082500000| Untracked 
|  38|0x0000000082600000, 0x0000000082700000, 0x0000000082700000|100%| O|  |TAMS 0x0000000082700000| PB 0x0000000082600000| Untracked 
|  39|0x0000000082700000, 0x0000000082800000, 0x0000000082800000|100%| O|  |TAMS 0x0000000082800000| PB 0x0000000082700000| Untracked 
|  40|0x0000000082800000, 0x0000000082900000, 0x0000000082900000|100%| O|  |TAMS 0x0000000082900000| PB 0x0000000082800000| Untracked 
|  41|0x0000000082900000, 0x0000000082a00000, 0x0000000082a00000|100%| O|  |TAMS 0x0000000082a00000| PB 0x0000000082900000| Untracked 
|  42|0x0000000082a00000, 0x0000000082b00000, 0x0000000082b00000|100%| O|  |TAMS 0x0000000082b00000| PB 0x0000000082a00000| Untracked 
|  43|0x0000000082b00000, 0x0000000082c00000, 0x0000000082c00000|100%| O|  |TAMS 0x0000000082c00000| PB 0x0000000082b00000| Untracked 
|  44|0x0000000082c00000, 0x0000000082d00000, 0x0000000082d00000|100%| O|  |TAMS 0x0000000082d00000| PB 0x0000000082c00000| Untracked 
|  45|0x0000000082d00000, 0x0000000082e00000, 0x0000000082e00000|100%| O|  |TAMS 0x0000000082e00000| PB 0x0000000082d00000| Untracked 
|  46|0x0000000082e00000, 0x0000000082f00000, 0x0000000082f00000|100%|HS|  |TAMS 0x0000000082f00000| PB 0x0000000082e00000| Complete 
|  47|0x0000000082f00000, 0x0000000083000000, 0x0000000083000000|100%| O|  |TAMS 0x0000000083000000| PB 0x0000000082f00000| Untracked 
|  48|0x0000000083000000, 0x0000000083100000, 0x0000000083100000|100%| O|  |TAMS 0x0000000083100000| PB 0x0000000083000000| Untracked 
|  49|0x0000000083100000, 0x0000000083200000, 0x0000000083200000|100%|HS|  |TAMS 0x0000000083200000| PB 0x0000000083100000| Complete 
|  50|0x0000000083200000, 0x0000000083300000, 0x0000000083300000|100%|HS|  |TAMS 0x0000000083300000| PB 0x0000000083200000| Complete 
|  51|0x0000000083300000, 0x0000000083400000, 0x0000000083400000|100%|HS|  |TAMS 0x0000000083400000| PB 0x0000000083300000| Complete 
|  52|0x0000000083400000, 0x0000000083500000, 0x0000000083500000|100%| O|  |TAMS 0x0000000083500000| PB 0x0000000083400000| Untracked 
|  53|0x0000000083500000, 0x0000000083600000, 0x0000000083600000|100%|HS|  |TAMS 0x0000000083600000| PB 0x0000000083500000| Complete 
|  54|0x0000000083600000, 0x0000000083700000, 0x0000000083700000|100%| O|  |TAMS 0x0000000083700000| PB 0x0000000083600000| Untracked 
|  55|0x0000000083700000, 0x0000000083800000, 0x0000000083800000|100%|HS|  |TAMS 0x0000000083800000| PB 0x0000000083700000| Complete 
|  56|0x0000000083800000, 0x0000000083900000, 0x0000000083900000|100%| O|  |TAMS 0x0000000083900000| PB 0x0000000083800000| Untracked 
|  57|0x0000000083900000, 0x0000000083a00000, 0x0000000083a00000|100%| O|  |TAMS 0x0000000083a00000| PB 0x0000000083900000| Untracked 
|  58|0x0000000083a00000, 0x0000000083b00000, 0x0000000083b00000|100%| O|  |TAMS 0x0000000083b00000| PB 0x0000000083a00000| Untracked 
|  59|0x0000000083b00000, 0x0000000083c00000, 0x0000000083c00000|100%| O|  |TAMS 0x0000000083c00000| PB 0x0000000083b00000| Untracked 
|  60|0x0000000083c00000, 0x0000000083d00000, 0x0000000083d00000|100%| O|  |TAMS 0x0000000083d00000| PB 0x0000000083c00000| Untracked 
|  61|0x0000000083d00000, 0x0000000083e00000, 0x0000000083e00000|100%| O|  |TAMS 0x0000000083e00000| PB 0x0000000083d00000| Untracked 
|  62|0x0000000083e00000, 0x0000000083f00000, 0x0000000083f00000|100%|HS|  |TAMS 0x0000000083f00000| PB 0x0000000083e00000| Complete 
|  63|0x0000000083f00000, 0x0000000084000000, 0x0000000084000000|100%| O|  |TAMS 0x0000000084000000| PB 0x0000000083f00000| Untracked 
|  64|0x0000000084000000, 0x0000000084100000, 0x0000000084100000|100%| O|  |TAMS 0x0000000084100000| PB 0x0000000084000000| Untracked 
|  65|0x0000000084100000, 0x0000000084200000, 0x0000000084200000|100%| O|  |TAMS 0x0000000084200000| PB 0x0000000084100000| Untracked 
|  66|0x0000000084200000, 0x0000000084300000, 0x0000000084300000|100%| O|  |TAMS 0x0000000084300000| PB 0x0000000084200000| Untracked 
|  67|0x0000000084300000, 0x0000000084400000, 0x0000000084400000|100%| O|  |TAMS 0x0000000084400000| PB 0x0000000084300000| Untracked 
|  68|0x0000000084400000, 0x0000000084500000, 0x0000000084500000|100%| O|  |TAMS 0x0000000084500000| PB 0x0000000084400000| Untracked 
|  69|0x0000000084500000, 0x0000000084600000, 0x0000000084600000|100%| O|  |TAMS 0x0000000084600000| PB 0x0000000084500000| Untracked 
|  70|0x0000000084600000, 0x0000000084700000, 0x0000000084700000|100%| O|  |TAMS 0x0000000084700000| PB 0x0000000084600000| Untracked 
|  71|0x0000000084700000, 0x0000000084800000, 0x0000000084800000|100%| O|  |TAMS 0x0000000084800000| PB 0x0000000084700000| Untracked 
|  72|0x0000000084800000, 0x0000000084900000, 0x0000000084900000|100%| O|  |TAMS 0x0000000084900000| PB 0x0000000084800000| Untracked 
|  73|0x0000000084900000, 0x0000000084a00000, 0x0000000084a00000|100%| O|  |TAMS 0x0000000084a00000| PB 0x0000000084900000| Untracked 
|  74|0x0000000084a00000, 0x0000000084b00000, 0x0000000084b00000|100%| O|  |TAMS 0x0000000084b00000| PB 0x0000000084a00000| Untracked 
|  75|0x0000000084b00000, 0x0000000084c00000, 0x0000000084c00000|100%| O|  |TAMS 0x0000000084c00000| PB 0x0000000084b00000| Untracked 
|  76|0x0000000084c00000, 0x0000000084d00000, 0x0000000084d00000|100%| O|  |TAMS 0x0000000084d00000| PB 0x0000000084c00000| Untracked 
|  77|0x0000000084d00000, 0x0000000084e00000, 0x0000000084e00000|100%| O|  |TAMS 0x0000000084e00000| PB 0x0000000084d00000| Untracked 
|  78|0x0000000084e00000, 0x0000000084f00000, 0x0000000084f00000|100%| O|  |TAMS 0x0000000084f00000| PB 0x0000000084e00000| Untracked 
|  79|0x0000000084f00000, 0x0000000085000000, 0x0000000085000000|100%| O|  |TAMS 0x0000000085000000| PB 0x0000000084f00000| Untracked 
|  80|0x0000000085000000, 0x0000000085100000, 0x0000000085100000|100%| O|  |TAMS 0x0000000085100000| PB 0x0000000085000000| Untracked 
|  81|0x0000000085100000, 0x0000000085200000, 0x0000000085200000|100%| O|  |TAMS 0x0000000085200000| PB 0x0000000085100000| Untracked 
|  82|0x0000000085200000, 0x0000000085300000, 0x0000000085300000|100%| O|  |TAMS 0x0000000085300000| PB 0x0000000085200000| Untracked 
|  83|0x0000000085300000, 0x0000000085400000, 0x0000000085400000|100%| O|  |TAMS 0x0000000085400000| PB 0x0000000085300000| Untracked 
|  84|0x0000000085400000, 0x0000000085500000, 0x0000000085500000|100%| O|  |TAMS 0x0000000085500000| PB 0x0000000085400000| Untracked 
|  85|0x0000000085500000, 0x0000000085600000, 0x0000000085600000|100%| O|  |TAMS 0x0000000085600000| PB 0x0000000085500000| Untracked 
|  86|0x0000000085600000, 0x0000000085700000, 0x0000000085700000|100%| O|  |TAMS 0x0000000085700000| PB 0x0000000085600000| Untracked 
|  87|0x0000000085700000, 0x0000000085800000, 0x0000000085800000|100%| O|  |TAMS 0x0000000085800000| PB 0x0000000085700000| Untracked 
|  88|0x0000000085800000, 0x0000000085900000, 0x0000000085900000|100%| O|  |TAMS 0x0000000085900000| PB 0x0000000085800000| Untracked 
|  89|0x0000000085900000, 0x0000000085a00000, 0x0000000085a00000|100%| O|  |TAMS 0x0000000085a00000| PB 0x0000000085900000| Untracked 
|  90|0x0000000085a00000, 0x0000000085b00000, 0x0000000085b00000|100%| O|  |TAMS 0x0000000085b00000| PB 0x0000000085a00000| Untracked 
|  91|0x0000000085b00000, 0x0000000085c00000, 0x0000000085c00000|100%| O|  |TAMS 0x0000000085b00000| PB 0x0000000085b00000| Untracked 
|  92|0x0000000085c00000, 0x0000000085d00000, 0x0000000085d00000|100%| O|  |TAMS 0x0000000085d00000| PB 0x0000000085c00000| Untracked 
|  93|0x0000000085d00000, 0x0000000085e00000, 0x0000000085e00000|100%| O|  |TAMS 0x0000000085e00000| PB 0x0000000085d00000| Untracked 
|  94|0x0000000085e00000, 0x0000000085f00000, 0x0000000085f00000|100%| O|  |TAMS 0x0000000085f00000| PB 0x0000000085e00000| Untracked 
|  95|0x0000000085f00000, 0x0000000086000000, 0x0000000086000000|100%| O|  |TAMS 0x0000000086000000| PB 0x0000000085f00000| Untracked 
|  96|0x0000000086000000, 0x0000000086100000, 0x0000000086100000|100%| O|  |TAMS 0x0000000086100000| PB 0x0000000086000000| Untracked 
|  97|0x0000000086100000, 0x0000000086200000, 0x0000000086200000|100%| O|  |TAMS 0x0000000086200000| PB 0x0000000086100000| Untracked 
|  98|0x0000000086200000, 0x0000000086300000, 0x0000000086300000|100%| O|  |TAMS 0x0000000086200000| PB 0x0000000086200000| Untracked 
|  99|0x0000000086300000, 0x0000000086400000, 0x0000000086400000|100%| O|  |TAMS 0x0000000086400000| PB 0x0000000086300000| Untracked 
| 100|0x0000000086400000, 0x0000000086500000, 0x0000000086500000|100%| O|  |TAMS 0x0000000086500000| PB 0x0000000086400000| Untracked 
| 101|0x0000000086500000, 0x0000000086600000, 0x0000000086600000|100%| O|  |TAMS 0x0000000086600000| PB 0x0000000086500000| Untracked 
| 102|0x0000000086600000, 0x0000000086700000, 0x0000000086700000|100%| O|  |TAMS 0x0000000086700000| PB 0x0000000086600000| Untracked 
| 103|0x0000000086700000, 0x0000000086800000, 0x0000000086800000|100%| O|  |TAMS 0x0000000086800000| PB 0x0000000086700000| Untracked 
| 104|0x0000000086800000, 0x0000000086900000, 0x0000000086900000|100%| O|  |TAMS 0x0000000086900000| PB 0x0000000086800000| Untracked 
| 105|0x0000000086900000, 0x0000000086a00000, 0x0000000086a00000|100%| O|  |TAMS 0x0000000086a00000| PB 0x0000000086900000| Untracked 
| 106|0x0000000086a00000, 0x0000000086b00000, 0x0000000086b00000|100%| O|  |TAMS 0x0000000086b00000| PB 0x0000000086a00000| Untracked 
| 107|0x0000000086b00000, 0x0000000086c00000, 0x0000000086c00000|100%| O|  |TAMS 0x0000000086c00000| PB 0x0000000086b00000| Untracked 
| 108|0x0000000086c00000, 0x0000000086d00000, 0x0000000086d00000|100%| O|  |TAMS 0x0000000086d00000| PB 0x0000000086c00000| Untracked 
| 109|0x0000000086d00000, 0x0000000086e00000, 0x0000000086e00000|100%| O|  |TAMS 0x0000000086e00000| PB 0x0000000086d00000| Untracked 
| 110|0x0000000086e00000, 0x0000000086f00000, 0x0000000086f00000|100%| O|  |TAMS 0x0000000086f00000| PB 0x0000000086e00000| Untracked 
| 111|0x0000000086f00000, 0x0000000087000000, 0x0000000087000000|100%| O|  |TAMS 0x0000000087000000| PB 0x0000000086f00000| Untracked 
| 112|0x0000000087000000, 0x0000000087100000, 0x0000000087100000|100%| O|  |TAMS 0x0000000087100000| PB 0x0000000087000000| Untracked 
| 113|0x0000000087100000, 0x0000000087200000, 0x0000000087200000|100%| O|  |TAMS 0x0000000087200000| PB 0x0000000087100000| Untracked 
| 114|0x0000000087200000, 0x0000000087300000, 0x0000000087300000|100%| O|  |TAMS 0x0000000087300000| PB 0x0000000087200000| Untracked 
| 115|0x0000000087300000, 0x0000000087400000, 0x0000000087400000|100%| O|  |TAMS 0x0000000087400000| PB 0x0000000087300000| Untracked 
| 116|0x0000000087400000, 0x0000000087500000, 0x0000000087500000|100%| O|  |TAMS 0x0000000087400000| PB 0x0000000087400000| Untracked 
| 117|0x0000000087500000, 0x0000000087600000, 0x0000000087600000|100%| O|  |TAMS 0x000000008754a800| PB 0x0000000087500000| Untracked 
| 118|0x0000000087600000, 0x0000000087700000, 0x0000000087700000|100%| O|  |TAMS 0x0000000087600000| PB 0x0000000087600000| Untracked 
| 119|0x0000000087700000, 0x0000000087800000, 0x0000000087800000|100%| O|  |TAMS 0x0000000087700000| PB 0x0000000087700000| Untracked 
| 120|0x0000000087800000, 0x0000000087900000, 0x0000000087900000|100%| O|  |TAMS 0x0000000087800000| PB 0x0000000087800000| Untracked 
| 121|0x0000000087900000, 0x0000000087a00000, 0x0000000087a00000|100%| O|  |TAMS 0x0000000087900000| PB 0x0000000087900000| Untracked 
| 122|0x0000000087a00000, 0x0000000087b00000, 0x0000000087b00000|100%| O|  |TAMS 0x0000000087a00000| PB 0x0000000087a00000| Untracked 
| 123|0x0000000087b00000, 0x0000000087c00000, 0x0000000087c00000|100%| O|  |TAMS 0x0000000087b00000| PB 0x0000000087b00000| Untracked 
| 124|0x0000000087c00000, 0x0000000087d00000, 0x0000000087d00000|100%| O|  |TAMS 0x0000000087c00000| PB 0x0000000087c00000| Untracked 
| 125|0x0000000087d00000, 0x0000000087e00000, 0x0000000087e00000|100%| O|  |TAMS 0x0000000087d00000| PB 0x0000000087d00000| Untracked 
| 126|0x0000000087e00000, 0x0000000087e00000, 0x0000000087f00000|  0%| F|  |TAMS 0x0000000087e00000| PB 0x0000000087e00000| Untracked 
| 127|0x0000000087f00000, 0x0000000088000000, 0x0000000088000000|100%| O|  |TAMS 0x0000000087f00000| PB 0x0000000087f00000| Untracked 
| 128|0x0000000088000000, 0x0000000088000000, 0x0000000088100000|  0%| F|  |TAMS 0x0000000088000000| PB 0x0000000088000000| Untracked 
| 129|0x0000000088100000, 0x0000000088100000, 0x0000000088200000|  0%| F|  |TAMS 0x0000000088100000| PB 0x0000000088100000| Untracked 
| 130|0x0000000088200000, 0x0000000088200000, 0x0000000088300000|  0%| F|  |TAMS 0x0000000088200000| PB 0x0000000088200000| Untracked 
| 131|0x0000000088300000, 0x0000000088300000, 0x0000000088400000|  0%| F|  |TAMS 0x0000000088300000| PB 0x0000000088300000| Untracked 
| 132|0x0000000088400000, 0x0000000088400000, 0x0000000088500000|  0%| F|  |TAMS 0x0000000088400000| PB 0x0000000088400000| Untracked 
| 133|0x0000000088500000, 0x0000000088500000, 0x0000000088600000|  0%| F|  |TAMS 0x0000000088500000| PB 0x0000000088500000| Untracked 
| 134|0x0000000088600000, 0x0000000088600000, 0x0000000088700000|  0%| F|  |TAMS 0x0000000088600000| PB 0x0000000088600000| Untracked 
| 135|0x0000000088700000, 0x0000000088700000, 0x0000000088800000|  0%| F|  |TAMS 0x0000000088700000| PB 0x0000000088700000| Untracked 
| 136|0x0000000088800000, 0x0000000088800000, 0x0000000088900000|  0%| F|  |TAMS 0x0000000088800000| PB 0x0000000088800000| Untracked 
| 137|0x0000000088900000, 0x0000000088900000, 0x0000000088a00000|  0%| F|  |TAMS 0x0000000088900000| PB 0x0000000088900000| Untracked 
| 138|0x0000000088a00000, 0x0000000088a00000, 0x0000000088b00000|  0%| F|  |TAMS 0x0000000088a00000| PB 0x0000000088a00000| Untracked 
| 139|0x0000000088b00000, 0x0000000088b00000, 0x0000000088c00000|  0%| F|  |TAMS 0x0000000088b00000| PB 0x0000000088b00000| Untracked 
| 140|0x0000000088c00000, 0x0000000088c00000, 0x0000000088d00000|  0%| F|  |TAMS 0x0000000088c00000| PB 0x0000000088c00000| Untracked 
| 141|0x0000000088d00000, 0x0000000088d00000, 0x0000000088e00000|  0%| F|  |TAMS 0x0000000088d00000| PB 0x0000000088d00000| Untracked 
| 142|0x0000000088e00000, 0x0000000088f00000, 0x0000000088f00000|100%| S|CS|TAMS 0x0000000088e00000| PB 0x0000000088e00000| Complete 
| 143|0x0000000088f00000, 0x0000000089000000, 0x0000000089000000|100%| S|CS|TAMS 0x0000000088f00000| PB 0x0000000088f00000| Complete 
| 144|0x0000000089000000, 0x0000000089100000, 0x0000000089100000|100%| S|CS|TAMS 0x0000000089000000| PB 0x0000000089000000| Complete 
| 145|0x0000000089100000, 0x0000000089200000, 0x0000000089200000|100%| S|CS|TAMS 0x0000000089100000| PB 0x0000000089100000| Complete 
| 146|0x0000000089200000, 0x0000000089300000, 0x0000000089300000|100%| S|CS|TAMS 0x0000000089200000| PB 0x0000000089200000| Complete 
| 147|0x0000000089300000, 0x0000000089400000, 0x0000000089400000|100%| S|CS|TAMS 0x0000000089300000| PB 0x0000000089300000| Complete 
| 148|0x0000000089400000, 0x0000000089500000, 0x0000000089500000|100%| S|CS|TAMS 0x0000000089400000| PB 0x0000000089400000| Complete 
| 149|0x0000000089500000, 0x0000000089600000, 0x0000000089600000|100%| S|CS|TAMS 0x0000000089500000| PB 0x0000000089500000| Complete 
| 150|0x0000000089600000, 0x0000000089700000, 0x0000000089700000|100%| S|CS|TAMS 0x0000000089600000| PB 0x0000000089600000| Complete 
| 151|0x0000000089700000, 0x0000000089700000, 0x0000000089800000|  0%| F|  |TAMS 0x0000000089700000| PB 0x0000000089700000| Untracked 
| 152|0x0000000089800000, 0x0000000089800000, 0x0000000089900000|  0%| F|  |TAMS 0x0000000089800000| PB 0x0000000089800000| Untracked 
| 153|0x0000000089900000, 0x0000000089900000, 0x0000000089a00000|  0%| F|  |TAMS 0x0000000089900000| PB 0x0000000089900000| Untracked 
| 154|0x0000000089a00000, 0x0000000089a00000, 0x0000000089b00000|  0%| F|  |TAMS 0x0000000089a00000| PB 0x0000000089a00000| Untracked 
| 155|0x0000000089b00000, 0x0000000089b00000, 0x0000000089c00000|  0%| F|  |TAMS 0x0000000089b00000| PB 0x0000000089b00000| Untracked 
| 156|0x0000000089c00000, 0x0000000089c00000, 0x0000000089d00000|  0%| F|  |TAMS 0x0000000089c00000| PB 0x0000000089c00000| Untracked 
| 157|0x0000000089d00000, 0x0000000089d00000, 0x0000000089e00000|  0%| F|  |TAMS 0x0000000089d00000| PB 0x0000000089d00000| Untracked 
| 158|0x0000000089e00000, 0x0000000089e00000, 0x0000000089f00000|  0%| F|  |TAMS 0x0000000089e00000| PB 0x0000000089e00000| Untracked 
| 159|0x0000000089f00000, 0x0000000089f00000, 0x000000008a000000|  0%| F|  |TAMS 0x0000000089f00000| PB 0x0000000089f00000| Untracked 
| 160|0x000000008a000000, 0x000000008a000000, 0x000000008a100000|  0%| F|  |TAMS 0x000000008a000000| PB 0x000000008a000000| Untracked 
| 161|0x000000008a100000, 0x000000008a100000, 0x000000008a200000|  0%| F|  |TAMS 0x000000008a100000| PB 0x000000008a100000| Untracked 
| 162|0x000000008a200000, 0x000000008a200000, 0x000000008a300000|  0%| F|  |TAMS 0x000000008a200000| PB 0x000000008a200000| Untracked 
| 163|0x000000008a300000, 0x000000008a300000, 0x000000008a400000|  0%| F|  |TAMS 0x000000008a300000| PB 0x000000008a300000| Untracked 
| 164|0x000000008a400000, 0x000000008a400000, 0x000000008a500000|  0%| F|  |TAMS 0x000000008a400000| PB 0x000000008a400000| Untracked 
| 165|0x000000008a500000, 0x000000008a500000, 0x000000008a600000|  0%| F|  |TAMS 0x000000008a500000| PB 0x000000008a500000| Untracked 
| 166|0x000000008a600000, 0x000000008a600000, 0x000000008a700000|  0%| F|  |TAMS 0x000000008a600000| PB 0x000000008a600000| Untracked 
| 167|0x000000008a700000, 0x000000008a700000, 0x000000008a800000|  0%| F|  |TAMS 0x000000008a700000| PB 0x000000008a700000| Untracked 
| 168|0x000000008a800000, 0x000000008a800000, 0x000000008a900000|  0%| F|  |TAMS 0x000000008a800000| PB 0x000000008a800000| Untracked 
| 169|0x000000008a900000, 0x000000008a900000, 0x000000008aa00000|  0%| F|  |TAMS 0x000000008a900000| PB 0x000000008a900000| Untracked 
| 170|0x000000008aa00000, 0x000000008aa00000, 0x000000008ab00000|  0%| F|  |TAMS 0x000000008aa00000| PB 0x000000008aa00000| Untracked 
| 171|0x000000008ab00000, 0x000000008ab00000, 0x000000008ac00000|  0%| F|  |TAMS 0x000000008ab00000| PB 0x000000008ab00000| Untracked 
| 172|0x000000008ac00000, 0x000000008ac00000, 0x000000008ad00000|  0%| F|  |TAMS 0x000000008ac00000| PB 0x000000008ac00000| Untracked 
| 173|0x000000008ad00000, 0x000000008ad00000, 0x000000008ae00000|  0%| F|  |TAMS 0x000000008ad00000| PB 0x000000008ad00000| Untracked 
| 174|0x000000008ae00000, 0x000000008ae00000, 0x000000008af00000|  0%| F|  |TAMS 0x000000008ae00000| PB 0x000000008ae00000| Untracked 
| 175|0x000000008af00000, 0x000000008af00000, 0x000000008b000000|  0%| F|  |TAMS 0x000000008af00000| PB 0x000000008af00000| Untracked 
| 176|0x000000008b000000, 0x000000008b000000, 0x000000008b100000|  0%| F|  |TAMS 0x000000008b000000| PB 0x000000008b000000| Untracked 
| 177|0x000000008b100000, 0x000000008b100000, 0x000000008b200000|  0%| F|  |TAMS 0x000000008b100000| PB 0x000000008b100000| Untracked 
| 178|0x000000008b200000, 0x000000008b200000, 0x000000008b300000|  0%| F|  |TAMS 0x000000008b200000| PB 0x000000008b200000| Untracked 
| 179|0x000000008b300000, 0x000000008b300000, 0x000000008b400000|  0%| F|  |TAMS 0x000000008b300000| PB 0x000000008b300000| Untracked 
| 180|0x000000008b400000, 0x000000008b400000, 0x000000008b500000|  0%| F|  |TAMS 0x000000008b400000| PB 0x000000008b400000| Untracked 
| 181|0x000000008b500000, 0x000000008b500000, 0x000000008b600000|  0%| F|  |TAMS 0x000000008b500000| PB 0x000000008b500000| Untracked 
| 182|0x000000008b600000, 0x000000008b600000, 0x000000008b700000|  0%| F|  |TAMS 0x000000008b600000| PB 0x000000008b600000| Untracked 
| 183|0x000000008b700000, 0x000000008b700000, 0x000000008b800000|  0%| F|  |TAMS 0x000000008b700000| PB 0x000000008b700000| Untracked 
| 184|0x000000008b800000, 0x000000008b800000, 0x000000008b900000|  0%| F|  |TAMS 0x000000008b800000| PB 0x000000008b800000| Untracked 
| 185|0x000000008b900000, 0x000000008b900000, 0x000000008ba00000|  0%| F|  |TAMS 0x000000008b900000| PB 0x000000008b900000| Untracked 
| 186|0x000000008ba00000, 0x000000008ba00000, 0x000000008bb00000|  0%| F|  |TAMS 0x000000008ba00000| PB 0x000000008ba00000| Untracked 
| 187|0x000000008bb00000, 0x000000008bb00000, 0x000000008bc00000|  0%| F|  |TAMS 0x000000008bb00000| PB 0x000000008bb00000| Untracked 
| 188|0x000000008bc00000, 0x000000008bc00000, 0x000000008bd00000|  0%| F|  |TAMS 0x000000008bc00000| PB 0x000000008bc00000| Untracked 
| 189|0x000000008bd00000, 0x000000008bd00000, 0x000000008be00000|  0%| F|  |TAMS 0x000000008bd00000| PB 0x000000008bd00000| Untracked 
| 190|0x000000008be00000, 0x000000008be00000, 0x000000008bf00000|  0%| F|  |TAMS 0x000000008be00000| PB 0x000000008be00000| Untracked 
| 191|0x000000008bf00000, 0x000000008bf00000, 0x000000008c000000|  0%| F|  |TAMS 0x000000008bf00000| PB 0x000000008bf00000| Untracked 
| 192|0x000000008c000000, 0x000000008c000000, 0x000000008c100000|  0%| F|  |TAMS 0x000000008c000000| PB 0x000000008c000000| Untracked 
| 193|0x000000008c100000, 0x000000008c100000, 0x000000008c200000|  0%| F|  |TAMS 0x000000008c100000| PB 0x000000008c100000| Untracked 
| 194|0x000000008c200000, 0x000000008c200000, 0x000000008c300000|  0%| F|  |TAMS 0x000000008c200000| PB 0x000000008c200000| Untracked 
| 195|0x000000008c300000, 0x000000008c300000, 0x000000008c400000|  0%| F|  |TAMS 0x000000008c300000| PB 0x000000008c300000| Untracked 
| 196|0x000000008c400000, 0x000000008c400000, 0x000000008c500000|  0%| F|  |TAMS 0x000000008c400000| PB 0x000000008c400000| Untracked 
| 197|0x000000008c500000, 0x000000008c500000, 0x000000008c600000|  0%| F|  |TAMS 0x000000008c500000| PB 0x000000008c500000| Untracked 
| 198|0x000000008c600000, 0x000000008c600000, 0x000000008c700000|  0%| F|  |TAMS 0x000000008c600000| PB 0x000000008c600000| Untracked 
| 199|0x000000008c700000, 0x000000008c700000, 0x000000008c800000|  0%| F|  |TAMS 0x000000008c700000| PB 0x000000008c700000| Untracked 
| 200|0x000000008c800000, 0x000000008c800000, 0x000000008c900000|  0%| F|  |TAMS 0x000000008c800000| PB 0x000000008c800000| Untracked 
| 201|0x000000008c900000, 0x000000008c900000, 0x000000008ca00000|  0%| F|  |TAMS 0x000000008c900000| PB 0x000000008c900000| Untracked 
| 202|0x000000008ca00000, 0x000000008ca00000, 0x000000008cb00000|  0%| F|  |TAMS 0x000000008ca00000| PB 0x000000008ca00000| Untracked 
| 203|0x000000008cb00000, 0x000000008cb00000, 0x000000008cc00000|  0%| F|  |TAMS 0x000000008cb00000| PB 0x000000008cb00000| Untracked 
| 204|0x000000008cc00000, 0x000000008cc00000, 0x000000008cd00000|  0%| F|  |TAMS 0x000000008cc00000| PB 0x000000008cc00000| Untracked 
| 205|0x000000008cd00000, 0x000000008cd00000, 0x000000008ce00000|  0%| F|  |TAMS 0x000000008cd00000| PB 0x000000008cd00000| Untracked 
| 206|0x000000008ce00000, 0x000000008ce00000, 0x000000008cf00000|  0%| F|  |TAMS 0x000000008ce00000| PB 0x000000008ce00000| Untracked 
| 207|0x000000008cf00000, 0x000000008cf00000, 0x000000008d000000|  0%| F|  |TAMS 0x000000008cf00000| PB 0x000000008cf00000| Untracked 
| 208|0x000000008d000000, 0x000000008d000000, 0x000000008d100000|  0%| F|  |TAMS 0x000000008d000000| PB 0x000000008d000000| Untracked 
| 209|0x000000008d100000, 0x000000008d100000, 0x000000008d200000|  0%| F|  |TAMS 0x000000008d100000| PB 0x000000008d100000| Untracked 
| 210|0x000000008d200000, 0x000000008d200000, 0x000000008d300000|  0%| F|  |TAMS 0x000000008d200000| PB 0x000000008d200000| Untracked 
| 211|0x000000008d300000, 0x000000008d300000, 0x000000008d400000|  0%| F|  |TAMS 0x000000008d300000| PB 0x000000008d300000| Untracked 
|2031|0x00000000fef00000, 0x00000000fef00000, 0x00000000ff000000|  0%| F|  |TAMS 0x00000000fef00000| PB 0x00000000fef00000| Untracked 
|2032|0x00000000ff000000, 0x00000000ff000000, 0x00000000ff100000|  0%| F|  |TAMS 0x00000000ff000000| PB 0x00000000ff000000| Untracked 
|2033|0x00000000ff100000, 0x00000000ff100000, 0x00000000ff200000|  0%| F|  |TAMS 0x00000000ff100000| PB 0x00000000ff100000| Untracked 
|2034|0x00000000ff200000, 0x00000000ff200000, 0x00000000ff300000|  0%| F|  |TAMS 0x00000000ff200000| PB 0x00000000ff200000| Untracked 
|2035|0x00000000ff300000, 0x00000000ff300000, 0x00000000ff400000|  0%| F|  |TAMS 0x00000000ff300000| PB 0x00000000ff300000| Untracked 
|2036|0x00000000ff400000, 0x00000000ff400000, 0x00000000ff500000|  0%| F|  |TAMS 0x00000000ff400000| PB 0x00000000ff400000| Untracked 
|2037|0x00000000ff500000, 0x00000000ff500000, 0x00000000ff600000|  0%| F|  |TAMS 0x00000000ff500000| PB 0x00000000ff500000| Untracked 
|2038|0x00000000ff600000, 0x00000000ff600000, 0x00000000ff700000|  0%| F|  |TAMS 0x00000000ff600000| PB 0x00000000ff600000| Untracked 
|2039|0x00000000ff700000, 0x00000000ff700000, 0x00000000ff800000|  0%| F|  |TAMS 0x00000000ff700000| PB 0x00000000ff700000| Untracked 
|2040|0x00000000ff800000, 0x00000000ff800000, 0x00000000ff900000|  0%| F|  |TAMS 0x00000000ff800000| PB 0x00000000ff800000| Untracked 
|2041|0x00000000ff900000, 0x00000000ff900000, 0x00000000ffa00000|  0%| F|  |TAMS 0x00000000ff900000| PB 0x00000000ff900000| Untracked 
|2042|0x00000000ffa00000, 0x00000000ffa00000, 0x00000000ffb00000|  0%| F|  |TAMS 0x00000000ffa00000| PB 0x00000000ffa00000| Untracked 
|2043|0x00000000ffb00000, 0x00000000ffb62618, 0x00000000ffc00000| 38%| E|  |TAMS 0x00000000ffb00000| PB 0x00000000ffb00000| Complete 
|2044|0x00000000ffc00000, 0x00000000ffd00000, 0x00000000ffd00000|100%| O|  |TAMS 0x00000000ffd00000| PB 0x00000000ffc00000| Untracked 
|2045|0x00000000ffd00000, 0x00000000ffe00000, 0x00000000ffe00000|100%| E|CS|TAMS 0x00000000ffd00000| PB 0x00000000ffd00000| Complete 
|2046|0x00000000ffe00000, 0x00000000fff00000, 0x00000000fff00000|100%| E|CS|TAMS 0x00000000ffe00000| PB 0x00000000ffe00000| Complete 
|2047|0x00000000fff00000, 0x0000000100000000, 0x0000000100000000|100%| E|CS|TAMS 0x00000000fff00000| PB 0x00000000fff00000| Complete 

Card table byte_map: [0x00000184d9710000,0x00000184d9b10000] _byte_map_base: 0x00000184d9310000

Marking Bits: (CMBitMap*) 0x00000184c72140a0
 Bits: [0x00000184d9b10000, 0x00000184dbb10000)

Polling page: 0x00000184c5330000

Metaspace:

Usage:
  Non-class:    115.60 MB used.
      Class:     17.67 MB used.
       Both:    133.27 MB used.

Virtual space:
  Non-class space:      128.00 MB reserved,     116.69 MB ( 91%) committed,  2 nodes.
      Class space:        1.00 GB reserved,      18.75 MB (  2%) committed,  1 nodes.
             Both:        1.12 GB reserved,     135.44 MB ( 12%) committed. 

Chunk freelists:
   Non-Class:  11.06 MB
       Class:  13.27 MB
        Both:  24.33 MB

MaxMetaspaceSize: unlimited
CompressedClassSpaceSize: 1.00 GB
Initial GC threshold: 21.00 MB
Current GC threshold: 205.25 MB
CDS: off
 - commit_granule_bytes: 65536.
 - commit_granule_words: 8192.
 - virtual_space_node_default_size: 8388608.
 - enlarge_chunks_in_place: 1.
 - use_allocation_guard: 0.


Internal statistics:

num_allocs_failed_limit: 6.
num_arena_births: 4368.
num_arena_deaths: 0.
num_vsnodes_births: 3.
num_vsnodes_deaths: 0.
num_space_committed: 2163.
num_space_uncommitted: 0.
num_chunks_returned_to_freelist: 6.
num_chunks_taken_from_freelist: 9908.
num_chunk_merges: 6.
num_chunk_splits: 6584.
num_chunks_enlarged: 4248.
num_inconsistent_stats: 0.

CodeHeap 'non-profiled nmethods': size=120000Kb used=12429Kb max_used=12528Kb free=107571Kb
 bounds [0x00000184d1de0000, 0x00000184d2a60000, 0x00000184d9310000]
CodeHeap 'profiled nmethods': size=120000Kb used=29344Kb max_used=32019Kb free=90655Kb
 bounds [0x00000184ca310000, 0x00000184cc280000, 0x00000184d1840000]
CodeHeap 'non-nmethods': size=5760Kb used=2222Kb max_used=2272Kb free=3537Kb
 bounds [0x00000184d1840000, 0x00000184d1ab0000, 0x00000184d1de0000]
 total_blobs=15989 nmethods=15054 adapters=838
 compilation: enabled
              stopped_count=0, restarted_count=0
 full_count=0

Compilation events (20 events):
Event: 148.147 Thread 0x00000184de1dcd50 20847       2       com.android.tools.r8.graph.h::b (15 bytes)
Event: 148.147 Thread 0x00000184de1dcd50 nmethod 20847 0x00000184cac6cb10 code [0x00000184cac6cca0, 0x00000184cac6cda8]
Event: 148.250 Thread 0x00000184de1dcd50 20848       2       com.android.tools.r8.internal.sW::a (16 bytes)
Event: 148.251 Thread 0x00000184de1dcd50 nmethod 20848 0x00000184ca935690 code [0x00000184ca935840, 0x00000184ca935980]
Event: 148.265 Thread 0x00000184de1dcd50 20849       1       com.android.tools.r8.graph.B2::a (5 bytes)
Event: 148.266 Thread 0x00000184de1dcd50 nmethod 20849 0x00000184d212d610 code [0x00000184d212d7a0, 0x00000184d212d868]
Event: 148.288 Thread 0x00000184de1dcd50 20850       2       com.android.tools.r8.internal.Cd::a (1 bytes)
Event: 148.288 Thread 0x00000184de1dcd50 nmethod 20850 0x00000184caca7190 code [0x00000184caca7320, 0x00000184caca7428]
Event: 148.292 Thread 0x00000184de1dcd50 20851       2       com.android.tools.r8.internal.sW::a (18 bytes)
Event: 148.293 Thread 0x00000184de1dcd50 nmethod 20851 0x00000184ca935290 code [0x00000184ca935440, 0x00000184ca9355b0]
Event: 148.306 Thread 0x00000184de1dcd50 20852       2       com.android.tools.r8.internal.k50$a::a (10 bytes)
Event: 148.307 Thread 0x00000184de1dcd50 nmethod 20852 0x00000184ca934c10 code [0x00000184ca934dc0, 0x00000184ca934f38]
Event: 148.595 Thread 0x00000184de1dcd50 20855       2       java.util.ArrayDeque::<init> (14 bytes)
Event: 148.596 Thread 0x00000184de1dcd50 nmethod 20855 0x00000184cb8fa210 code [0x00000184cb8fa3c0, 0x00000184cb8fa5a8]
Event: 148.602 Thread 0x00000184de1dcd50 20856       1       com.android.tools.r8.internal.MD::d (5 bytes)
Event: 148.602 Thread 0x00000184de1dcd50 nmethod 20856 0x00000184d2130490 code [0x00000184d2130620, 0x00000184d21306e8]
Event: 148.610 Thread 0x00000184de1dcd50 20857       2       com.android.tools.r8.internal.K5::hasNext (10 bytes)
Event: 148.610 Thread 0x00000184de1dcd50 nmethod 20857 0x00000184cb8f9e90 code [0x00000184cb8fa040, 0x00000184cb8fa178]
Event: 148.669 Thread 0x00000184de1dcd50 20858   !   3       java.util.concurrent.ConcurrentHashMap::replaceNode (437 bytes)
Event: 148.672 Thread 0x00000184de1dcd50 nmethod 20858 0x00000184ca4f0a10 code [0x00000184ca4f0d60, 0x00000184ca4f2390]

GC Heap History (20 events):
Event: 111.959 GC heap before
{Heap before GC invocations=71 (full 0):
 garbage-first heap   total 234496K, used 208660K [0x0000000080000000, 0x0000000100000000)
  region size 1024K, 101 young (103424K), 12 survivors (12288K)
 Metaspace       used 123124K, committed 125376K, reserved 1179648K
  class space    used 16218K, committed 17344K, reserved 1048576K
}
Event: 111.977 GC heap after
{Heap after GC invocations=72 (full 0):
 garbage-first heap   total 234496K, used 121287K [0x0000000080000000, 0x0000000100000000)
  region size 1024K, 4 young (4096K), 4 survivors (4096K)
 Metaspace       used 123124K, committed 125376K, reserved 1179648K
  class space    used 16218K, committed 17344K, reserved 1048576K
}
Event: 114.402 GC heap before
{Heap before GC invocations=73 (full 0):
 garbage-first heap   total 234496K, used 218567K [0x0000000080000000, 0x0000000100000000)
  region size 1024K, 97 young (99328K), 4 survivors (4096K)
 Metaspace       used 123341K, committed 125568K, reserved 1179648K
  class space    used 16233K, committed 17344K, reserved 1048576K
}
Event: 114.412 GC heap after
{Heap after GC invocations=74 (full 0):
 garbage-first heap   total 234496K, used 124838K [0x0000000080000000, 0x0000000100000000)
  region size 1024K, 7 young (7168K), 7 survivors (7168K)
 Metaspace       used 123341K, committed 125568K, reserved 1179648K
  class space    used 16233K, committed 17344K, reserved 1048576K
}
Event: 116.816 GC heap before
{Heap before GC invocations=74 (full 0):
 garbage-first heap   total 234496K, used 213926K [0x0000000080000000, 0x0000000100000000)
  region size 1024K, 95 young (97280K), 7 survivors (7168K)
 Metaspace       used 123442K, committed 125632K, reserved 1179648K
  class space    used 16247K, committed 17344K, reserved 1048576K
}
Event: 116.828 GC heap after
{Heap after GC invocations=75 (full 0):
 garbage-first heap   total 234496K, used 120888K [0x0000000080000000, 0x0000000100000000)
  region size 1024K, 5 young (5120K), 5 survivors (5120K)
 Metaspace       used 123442K, committed 125632K, reserved 1179648K
  class space    used 16247K, committed 17344K, reserved 1048576K
}
Event: 136.472 GC heap before
{Heap before GC invocations=75 (full 0):
 garbage-first heap   total 234496K, used 215096K [0x0000000080000000, 0x0000000100000000)
  region size 1024K, 98 young (100352K), 5 survivors (5120K)
 Metaspace       used 123594K, committed 125824K, reserved 1179648K
  class space    used 16265K, committed 17408K, reserved 1048576K
}
Event: 136.482 GC heap after
{Heap after GC invocations=76 (full 0):
 garbage-first heap   total 234496K, used 122936K [0x0000000080000000, 0x0000000100000000)
  region size 1024K, 7 young (7168K), 7 survivors (7168K)
 Metaspace       used 123594K, committed 125824K, reserved 1179648K
  class space    used 16265K, committed 17408K, reserved 1048576K
}
Event: 137.630 GC heap before
{Heap before GC invocations=77 (full 0):
 garbage-first heap   total 234496K, used 213048K [0x0000000080000000, 0x0000000100000000)
  region size 1024K, 96 young (98304K), 7 survivors (7168K)
 Metaspace       used 123597K, committed 125824K, reserved 1179648K
  class space    used 16265K, committed 17408K, reserved 1048576K
}
Event: 137.637 GC heap after
{Heap after GC invocations=78 (full 0):
 garbage-first heap   total 234496K, used 122317K [0x0000000080000000, 0x0000000100000000)
  region size 1024K, 4 young (4096K), 4 survivors (4096K)
 Metaspace       used 123597K, committed 125824K, reserved 1179648K
  class space    used 16265K, committed 17408K, reserved 1048576K
}
Event: 138.551 GC heap before
{Heap before GC invocations=78 (full 0):
 garbage-first heap   total 234496K, used 216525K [0x0000000080000000, 0x0000000100000000)
  region size 1024K, 97 young (99328K), 4 survivors (4096K)
 Metaspace       used 123600K, committed 125824K, reserved 1179648K
  class space    used 16265K, committed 17408K, reserved 1048576K
}
Event: 138.558 GC heap after
{Heap after GC invocations=79 (full 0):
 garbage-first heap   total 234496K, used 118604K [0x0000000080000000, 0x0000000100000000)
  region size 1024K, 4 young (4096K), 4 survivors (4096K)
 Metaspace       used 123600K, committed 125824K, reserved 1179648K
  class space    used 16265K, committed 17408K, reserved 1048576K
}
Event: 139.566 GC heap before
{Heap before GC invocations=79 (full 0):
 garbage-first heap   total 234496K, used 215884K [0x0000000080000000, 0x0000000100000000)
  region size 1024K, 100 young (102400K), 4 survivors (4096K)
 Metaspace       used 123826K, committed 126016K, reserved 1179648K
  class space    used 16287K, committed 17408K, reserved 1048576K
}
Event: 139.571 GC heap after
{Heap after GC invocations=80 (full 0):
 garbage-first heap   total 234496K, used 118884K [0x0000000080000000, 0x0000000100000000)
  region size 1024K, 4 young (4096K), 4 survivors (4096K)
 Metaspace       used 123826K, committed 126016K, reserved 1179648K
  class space    used 16287K, committed 17408K, reserved 1048576K
}
Event: 143.796 GC heap before
{Heap before GC invocations=81 (full 0):
 garbage-first heap   total 234496K, used 216164K [0x0000000080000000, 0x0000000100000000)
  region size 1024K, 100 young (102400K), 4 survivors (4096K)
 Metaspace       used 127076K, committed 129280K, reserved 1179648K
  class space    used 16743K, committed 17856K, reserved 1048576K
}
Event: 143.814 GC heap after
{Heap after GC invocations=82 (full 0):
 garbage-first heap   total 234496K, used 123301K [0x0000000080000000, 0x0000000100000000)
  region size 1024K, 9 young (9216K), 9 survivors (9216K)
 Metaspace       used 127076K, committed 129280K, reserved 1179648K
  class space    used 16743K, committed 17856K, reserved 1048576K
}
Event: 146.145 GC heap before
{Heap before GC invocations=82 (full 0):
 garbage-first heap   total 234496K, used 210341K [0x0000000080000000, 0x0000000100000000)
  region size 1024K, 95 young (97280K), 9 survivors (9216K)
 Metaspace       used 132611K, committed 134784K, reserved 1179648K
  class space    used 17529K, committed 18624K, reserved 1048576K
}
Event: 146.183 GC heap after
{Heap after GC invocations=83 (full 0):
 garbage-first heap   total 234496K, used 130289K [0x0000000080000000, 0x0000000100000000)
  region size 1024K, 12 young (12288K), 12 survivors (12288K)
 Metaspace       used 132611K, committed 134784K, reserved 1179648K
  class space    used 17529K, committed 18624K, reserved 1048576K
}
Event: 148.612 GC heap before
{Heap before GC invocations=83 (full 0):
 garbage-first heap   total 234496K, used 208113K [0x0000000080000000, 0x0000000100000000)
  region size 1024K, 89 young (91136K), 12 survivors (12288K)
 Metaspace       used 136171K, committed 138368K, reserved 1179648K
  class space    used 18049K, committed 19136K, reserved 1048576K
}
Event: 148.655 GC heap after
{Heap after GC invocations=84 (full 0):
 garbage-first heap   total 234496K, used 140231K [0x0000000080000000, 0x0000000100000000)
  region size 1024K, 9 young (9216K), 9 survivors (9216K)
 Metaspace       used 136171K, committed 138368K, reserved 1179648K
  class space    used 18049K, committed 19136K, reserved 1048576K
}

Dll operation events (3 events):
Event: 0.265 Loaded shared library E:\LapTrinhAndroid\jbr\bin\java.dll
Event: 0.350 Loaded shared library E:\LapTrinhAndroid\jbr\bin\zip.dll
Event: 2.063 Loaded shared library E:\LapTrinhAndroid\jbr\bin\verify.dll

Deoptimization events (20 events):
Event: 147.783 Thread 0x00000184e4c526c0 DEOPT PACKING pc=0x00000184d1ed64c4 sp=0x0000007019ef9110
Event: 147.784 Thread 0x00000184e4c526c0 DEOPT UNPACKING pc=0x00000184d18946a2 sp=0x0000007019ef90b8 mode 2
Event: 147.911 Thread 0x00000184e4c526c0 Uncommon trap: trap_request=0xffffff45 fr.pc=0x00000184d230c74c relative=0x000000000000084c
Event: 147.911 Thread 0x00000184e4c526c0 Uncommon trap: reason=unstable_if action=reinterpret pc=0x00000184d230c74c method=com.android.tools.r8.internal.rd.a([CII)Ljava/lang/String; @ 66 c2
Event: 147.911 Thread 0x00000184e4c526c0 DEOPT PACKING pc=0x00000184d230c74c sp=0x0000007019ef91c0
Event: 147.911 Thread 0x00000184e4c526c0 DEOPT UNPACKING pc=0x00000184d18946a2 sp=0x0000007019ef9170 mode 2
Event: 148.071 Thread 0x00000184e4c4de90 DEOPT PACKING pc=0x00000184cc267055 sp=0x00000070199f94d0
Event: 148.071 Thread 0x00000184e4c4de90 DEOPT UNPACKING pc=0x00000184d1894e42 sp=0x00000070199f8bf8 mode 0
Event: 148.096 Thread 0x00000184e4c526c0 DEOPT PACKING pc=0x00000184cc2692b4 sp=0x0000007019ef9580
Event: 148.096 Thread 0x00000184e4c526c0 DEOPT UNPACKING pc=0x00000184d1894e42 sp=0x0000007019ef8ca0 mode 0
Event: 148.152 Thread 0x00000184e4c526c0 DEOPT PACKING pc=0x00000184cc2692b4 sp=0x0000007019ef9580
Event: 148.152 Thread 0x00000184e4c526c0 DEOPT UNPACKING pc=0x00000184d1894e42 sp=0x0000007019ef8ca0 mode 0
Event: 148.286 Thread 0x00000184e4c526c0 DEOPT PACKING pc=0x00000184cc2692b4 sp=0x0000007019ef9580
Event: 148.286 Thread 0x00000184e4c526c0 DEOPT UNPACKING pc=0x00000184d1894e42 sp=0x0000007019ef8ca0 mode 0
Event: 148.301 Thread 0x00000184e4c526c0 DEOPT PACKING pc=0x00000184cc2692b4 sp=0x0000007019ef9580
Event: 148.301 Thread 0x00000184e4c526c0 DEOPT UNPACKING pc=0x00000184d1894e42 sp=0x0000007019ef8ca0 mode 0
Event: 148.669 Thread 0x00000184e4b03860 Uncommon trap: trap_request=0xffffff45 fr.pc=0x00000184d2008294 relative=0x0000000000000734
Event: 148.669 Thread 0x00000184e4b03860 Uncommon trap: reason=unstable_if action=reinterpret pc=0x00000184d2008294 method=java.util.concurrent.ConcurrentHashMap.replaceNode(Ljava/lang/Object;Ljava/lang/Object;Ljava/lang/Object;)Ljava/lang/Object; @ 99 c2
Event: 148.669 Thread 0x00000184e4b03860 DEOPT PACKING pc=0x00000184d2008294 sp=0x000000701a3f4b20
Event: 148.669 Thread 0x00000184e4b03860 DEOPT UNPACKING pc=0x00000184d18946a2 sp=0x000000701a3f4a88 mode 2

Classes loaded (20 events):
Event: 142.416 Loading class jdk/internal/access/JavaIOPrintWriterAccess done
Event: 142.416 Loading class java/io/PrintWriter$1 done
Event: 142.416 Loading class java/lang/Throwable$WrappedPrintWriter
Event: 142.416 Loading class java/lang/Throwable$PrintStreamOrWriter
Event: 142.416 Loading class java/lang/Throwable$PrintStreamOrWriter done
Event: 142.416 Loading class java/lang/Throwable$WrappedPrintWriter done
Event: 142.930 Loading class java/io/UTFDataFormatException
Event: 142.930 Loading class java/io/UTFDataFormatException done
Event: 143.339 Loading class java/util/concurrent/RejectedExecutionException
Event: 143.339 Loading class java/util/concurrent/RejectedExecutionException done
Event: 144.609 Loading class java/util/concurrent/ConcurrentLinkedQueue$Itr
Event: 144.609 Loading class java/util/concurrent/ConcurrentLinkedQueue$Itr done
Event: 148.481 Loading class java/util/IdentityHashMap$EntrySet
Event: 148.482 Loading class java/util/IdentityHashMap$EntrySet done
Event: 148.482 Loading class java/util/IdentityHashMap$EntrySpliterator
Event: 148.482 Loading class java/util/IdentityHashMap$IdentityHashMapSpliterator
Event: 148.483 Loading class java/util/IdentityHashMap$IdentityHashMapSpliterator done
Event: 148.483 Loading class java/util/IdentityHashMap$EntrySpliterator done
Event: 148.569 Loading class java/util/PriorityQueue
Event: 148.570 Loading class java/util/PriorityQueue done

Classes unloaded (0 events):
No events

Classes redefined (0 events):
No events

Internal exceptions (20 events):
Event: 139.194 Thread 0x00000184e4b03860 Implicit null exception at 0x00000184d21fec8a to 0x00000184d21fed2d
Event: 139.358 Thread 0x00000184e4b03860 Implicit null exception at 0x00000184d2317bc7 to 0x00000184d2317ecc
Event: 139.359 Thread 0x00000184e4b03860 Implicit null exception at 0x00000184d23a107b to 0x00000184d23a151c
Event: 142.437 Thread 0x00000184e42ae470 Exception <a 'java/lang/NoSuchMethodError'{0x000000008ade16b0}: static Lorg/gradle/internal/build/event/types/DefaultTaskFailureResult;.<clinit>()V> (0x000000008ade16b0) 
thrown [s\src\hotspot\share\prims\jni.cpp, line 1135]
Event: 142.440 Thread 0x00000184e42ae470 Exception <a 'java/lang/NoSuchMethodError'{0x000000008ac41098}: static Lorg/gradle/internal/build/event/types/DefaultFailure;.<clinit>()V> (0x000000008ac41098) 
thrown [s\src\hotspot\share\prims\jni.cpp, line 1135]
Event: 143.953 Thread 0x00000184e4c526c0 Exception <a 'java/lang/NoSuchMethodError'{0x00000000ffdb6f50}: 'java.lang.Object java.lang.invoke.DirectMethodHandle$Holder.invokeStaticInit(java.lang.Object, java.lang.Object, java.lang.Object, java.lang.Object, java.lang.Object, java.lang.Object, java.lang.Object, java.lang.Object, java.lang.Object, java.lang.Object, java.lang.Object, java.lang.Object, java.lang.Object, java.lang.Object, java.lang.Object, java.lang.Object, java.lang.Object, java.lang.Object, java.lang.Object, java.lang.Object, int, java
Event: 144.162 Thread 0x00000184e4b03860 Exception <a 'java/lang/IncompatibleClassChangeError'{0x00000000ff90b510}: Found class java.lang.Object, but interface was expected> (0x00000000ff90b510) 
thrown [s\src\hotspot\share\interpreter\linkResolver.cpp, line 851]
Event: 144.162 Thread 0x00000184e4c4de90 Exception <a 'java/lang/IncompatibleClassChangeError'{0x00000000ffd2e1e0}: Found class java.lang.Object, but interface was expected> (0x00000000ffd2e1e0) 
thrown [s\src\hotspot\share\interpreter\linkResolver.cpp, line 851]
Event: 144.162 Thread 0x00000184e4c526c0 Exception <a 'java/lang/IncompatibleClassChangeError'{0x00000000ffb9b250}: Found class java.lang.Object, but interface was expected> (0x00000000ffb9b250) 
thrown [s\src\hotspot\share\interpreter\linkResolver.cpp, line 851]
Event: 145.388 Thread 0x00000184e4c4de90 Exception <a 'java/lang/IncompatibleClassChangeError'{0x000000008b8130f0}: Found class java.lang.Object, but interface was expected> (0x000000008b8130f0) 
thrown [s\src\hotspot\share\interpreter\linkResolver.cpp, line 851]
Event: 145.388 Thread 0x00000184e4b03860 Exception <a 'java/lang/IncompatibleClassChangeError'{0x000000008b83dae8}: Found class java.lang.Object, but interface was expected> (0x000000008b83dae8) 
thrown [s\src\hotspot\share\interpreter\linkResolver.cpp, line 851]
Event: 145.388 Thread 0x00000184e4c526c0 Exception <a 'java/lang/IncompatibleClassChangeError'{0x000000008bb7f618}: Found class java.lang.Object, but interface was expected> (0x000000008bb7f618) 
thrown [s\src\hotspot\share\interpreter\linkResolver.cpp, line 851]
Event: 145.390 Thread 0x00000184e4c4de90 Exception <a 'java/lang/NoSuchMethodError'{0x000000008b81d008}: 'void java.lang.invoke.DirectMethodHandle$Holder.invokeInterface(java.lang.Object, java.lang.Object, java.lang.Object, int)'> (0x000000008b81d008) 
thrown [s\src\hotspot\share\interpreter\linkResolver.cpp, line 784]
Event: 145.390 Thread 0x00000184e4c526c0 Exception <a 'java/lang/NoSuchMethodError'{0x000000008bb83640}: 'void java.lang.invoke.DirectMethodHandle$Holder.invokeInterface(java.lang.Object, java.lang.Object, java.lang.Object, int)'> (0x000000008bb83640) 
thrown [s\src\hotspot\share\interpreter\linkResolver.cpp, line 784]
Event: 145.390 Thread 0x00000184e4b03860 Exception <a 'java/lang/NoSuchMethodError'{0x000000008b842690}: 'void java.lang.invoke.DirectMethodHandle$Holder.invokeInterface(java.lang.Object, java.lang.Object, java.lang.Object, int)'> (0x000000008b842690) 
thrown [s\src\hotspot\share\interpreter\linkResolver.cpp, line 784]
Event: 147.912 Thread 0x00000184e4b03860 Exception <a 'java/lang/IncompatibleClassChangeError'{0x000000008b886c78}: Found class java.lang.Object, but interface was expected> (0x000000008b886c78) 
thrown [s\src\hotspot\share\interpreter\linkResolver.cpp, line 851]
Event: 147.913 Thread 0x00000184e4b03860 Exception <a 'java/lang/IncompatibleClassChangeError'{0x000000008b88bdf0}: Found class java.lang.Object, but interface was expected> (0x000000008b88bdf0) 
thrown [s\src\hotspot\share\interpreter\linkResolver.cpp, line 851]
Event: 148.388 Thread 0x00000184e4c4de90 Exception <a 'java/lang/NoSuchMethodError'{0x0000000089fc9c90}: 'void java.lang.invoke.DirectMethodHandle$Holder.invokeSpecial(java.lang.Object, java.lang.Object, int, java.lang.Object)'> (0x0000000089fc9c90) 
thrown [s\src\hotspot\share\interpreter\linkResolver.cpp, line 784]
Event: 148.388 Thread 0x00000184e4b03860 Exception <a 'java/lang/NoSuchMethodError'{0x0000000089d10288}: 'void java.lang.invoke.DirectMethodHandle$Holder.invokeSpecial(java.lang.Object, java.lang.Object, int, java.lang.Object)'> (0x0000000089d10288) 
thrown [s\src\hotspot\share\interpreter\linkResolver.cpp, line 784]
Event: 148.670 Thread 0x00000184e4c526c0 Exception <a 'java/lang/NoSuchMethodError'{0x00000000fff3fde0}: 'int java.lang.invoke.DirectMethodHandle$Holder.invokeSpecial(java.lang.Object, java.lang.Object, java.lang.Object, int, java.lang.Object)'> (0x00000000fff3fde0) 
thrown [s\src\hotspot\share\interpreter\linkResolver.cpp, line 784]

ZGC Phase Switch (0 events):
No events

VM Operations (20 events):
Event: 145.998 Executing VM operation: HandshakeAllThreads (Deoptimize)
Event: 145.999 Executing VM operation: HandshakeAllThreads (Deoptimize) done
Event: 146.011 Executing VM operation: HandshakeAllThreads (Deoptimize)
Event: 146.012 Executing VM operation: HandshakeAllThreads (Deoptimize) done
Event: 146.144 Executing VM operation: G1CollectForAllocation (G1 Evacuation Pause)
Event: 146.183 Executing VM operation: G1CollectForAllocation (G1 Evacuation Pause) done
Event: 146.914 Executing VM operation: HandshakeAllThreads (Deoptimize)
Event: 146.915 Executing VM operation: HandshakeAllThreads (Deoptimize) done
Event: 147.701 Executing VM operation: HandshakeAllThreads (Deoptimize)
Event: 147.704 Executing VM operation: HandshakeAllThreads (Deoptimize) done
Event: 147.704 Executing VM operation: Cleanup
Event: 147.705 Executing VM operation: Cleanup done
Event: 147.757 Executing VM operation: HandshakeAllThreads (Deoptimize)
Event: 147.797 Executing VM operation: HandshakeAllThreads (Deoptimize) done
Event: 147.823 Executing VM operation: HandshakeAllThreads (Deoptimize)
Event: 147.877 Executing VM operation: HandshakeAllThreads (Deoptimize) done
Event: 147.884 Executing VM operation: HandshakeAllThreads (Deoptimize)
Event: 147.910 Executing VM operation: HandshakeAllThreads (Deoptimize) done
Event: 148.612 Executing VM operation: G1CollectForAllocation (G1 Evacuation Pause)
Event: 148.655 Executing VM operation: G1CollectForAllocation (G1 Evacuation Pause) done

Memory protections (0 events):
No events

Nmethod flushes (20 events):
Event: 139.902 Thread 0x00000184de024e40 flushing  nmethod 0x00000184cb837490
Event: 139.902 Thread 0x00000184de024e40 flushing  nmethod 0x00000184cb858a90
Event: 139.902 Thread 0x00000184de024e40 flushing  nmethod 0x00000184cb87bf90
Event: 139.902 Thread 0x00000184de024e40 flushing  nmethod 0x00000184cb91b710
Event: 139.902 Thread 0x00000184de024e40 flushing  nmethod 0x00000184cb91db90
Event: 139.902 Thread 0x00000184de024e40 flushing  nmethod 0x00000184cb93f210
Event: 139.902 Thread 0x00000184de024e40 flushing  nmethod 0x00000184cbc0d290
Event: 139.902 Thread 0x00000184de024e40 flushing  nmethod 0x00000184cbc0e890
Event: 139.902 Thread 0x00000184de024e40 flushing  nmethod 0x00000184cbdd9410
Event: 139.902 Thread 0x00000184de024e40 flushing  nmethod 0x00000184cbddc990
Event: 139.902 Thread 0x00000184de024e40 flushing  nmethod 0x00000184cbfaca10
Event: 139.902 Thread 0x00000184de024e40 flushing  nmethod 0x00000184cbfaec90
Event: 139.902 Thread 0x00000184de024e40 flushing  nmethod 0x00000184cc1c3c90
Event: 139.902 Thread 0x00000184de024e40 flushing  nmethod 0x00000184cc1c5710
Event: 139.902 Thread 0x00000184de024e40 flushing  nmethod 0x00000184cc222410
Event: 139.902 Thread 0x00000184de024e40 flushing  nmethod 0x00000184cc224490
Event: 139.902 Thread 0x00000184de024e40 flushing  nmethod 0x00000184cc225410
Event: 139.902 Thread 0x00000184de024e40 flushing  nmethod 0x00000184cc226a10
Event: 139.902 Thread 0x00000184de024e40 flushing  nmethod 0x00000184cc22ba10
Event: 139.902 Thread 0x00000184de024e40 flushing  nmethod 0x00000184cc22bf10

Events (20 events):
Event: 93.645 Thread 0x00000184ee63aab0 Thread added: 0x00000184ee63df30
Event: 94.627 Thread 0x00000184e4b052a0 Thread exited: 0x00000184e4b052a0
Event: 96.267 Thread 0x00000184e4b07370 Thread added: 0x00000184e5772eb0
Event: 96.267 Thread 0x00000184e4b07370 Thread added: 0x00000184e576d2d0
Event: 100.512 Thread 0x00000184de1dcd50 Thread added: 0x00000184e39c4c10
Event: 100.518 Thread 0x00000184e4b07370 Thread added: 0x00000184e5770750
Event: 100.519 Thread 0x00000184e4b07370 Thread added: 0x00000184e5770de0
Event: 100.519 Thread 0x00000184e4b07370 Thread added: 0x00000184e5771470
Event: 101.404 Thread 0x00000184e39c4c10 Thread exited: 0x00000184e39c4c10
Event: 102.023 Thread 0x00000184de1dcd50 Thread added: 0x00000184e39c3e70
Event: 102.262 Thread 0x00000184e4b05fc0 Thread added: 0x00000184e576f3a0
Event: 102.264 Thread 0x00000184e4b05fc0 Thread added: 0x00000184e5771b00
Event: 102.265 Thread 0x00000184e4b05fc0 Thread added: 0x00000184e576dff0
Event: 103.420 Thread 0x00000184e39c3e70 Thread exited: 0x00000184e39c3e70
Event: 108.147 Thread 0x00000184e4b06ce0 Thread added: 0x00000184e8832bb0
Event: 108.147 Thread 0x00000184e4b06ce0 Thread added: 0x00000184e882e380
Event: 108.148 Thread 0x00000184e4b06ce0 Thread added: 0x00000184e88345f0
Event: 140.445 Thread 0x00000184e4b03860 Thread added: 0x00000184e4ec8670
Event: 140.616 Thread 0x00000184e4ec8670 Thread added: 0x00000184e4ec8d00
Event: 140.616 Thread 0x00000184e4ec8670 Thread added: 0x00000184e4ec9390


Dynamic libraries:
0x00007ff706d10000 - 0x00007ff706d1a000 	E:\LapTrinhAndroid\jbr\bin\java.exe
0x00007fff9cff0000 - 0x00007fff9d207000 	C:\WINDOWS\SYSTEM32\ntdll.dll
0x00007fff9b990000 - 0x00007fff9ba54000 	C:\WINDOWS\System32\KERNEL32.DLL
0x00007fff9a8c0000 - 0x00007fff9ac93000 	C:\WINDOWS\System32\KERNELBASE.dll
0x00007fff9a7a0000 - 0x00007fff9a8b1000 	C:\WINDOWS\System32\ucrtbase.dll
0x00007fff73d30000 - 0x00007fff73d48000 	E:\LapTrinhAndroid\jbr\bin\jli.dll
0x00007fff9b740000 - 0x00007fff9b8f1000 	C:\WINDOWS\System32\USER32.dll
0x00007fff9a190000 - 0x00007fff9a1b6000 	C:\WINDOWS\System32\win32u.dll
0x00007fff9cbf0000 - 0x00007fff9cc19000 	C:\WINDOWS\System32\GDI32.dll
0x00007fff9a590000 - 0x00007fff9a6ab000 	C:\WINDOWS\System32\gdi32full.dll
0x00007fff9a470000 - 0x00007fff9a50a000 	C:\WINDOWS\System32\msvcp_win.dll
0x00007fff86150000 - 0x00007fff863e8000 	C:\WINDOWS\WinSxS\amd64_microsoft.windows.common-controls_6595b64144ccf1df_6.0.22621.5124_none_270e8f4f7386d69d\COMCTL32.dll
0x00007fff9bc80000 - 0x00007fff9bd27000 	C:\WINDOWS\System32\msvcrt.dll
0x00007fff77bc0000 - 0x00007fff77bdb000 	E:\LapTrinhAndroid\jbr\bin\VCRUNTIME140.dll
0x00007fff9cb00000 - 0x00007fff9cb31000 	C:\WINDOWS\System32\IMM32.DLL
0x00007fff7c120000 - 0x00007fff7c12c000 	E:\LapTrinhAndroid\jbr\bin\vcruntime140_1.dll
0x00007fff61a10000 - 0x00007fff61a9d000 	E:\LapTrinhAndroid\jbr\bin\msvcp140.dll
0x00007fff09900000 - 0x00007fff0a58a000 	E:\LapTrinhAndroid\jbr\bin\server\jvm.dll
0x00007fff9cd30000 - 0x00007fff9cde1000 	C:\WINDOWS\System32\ADVAPI32.dll
0x00007fff9cb40000 - 0x00007fff9cbe8000 	C:\WINDOWS\System32\sechost.dll
0x00007fff9a770000 - 0x00007fff9a798000 	C:\WINDOWS\System32\bcrypt.dll
0x00007fff9bd90000 - 0x00007fff9bea4000 	C:\WINDOWS\System32\RPCRT4.dll
0x00007fff9b900000 - 0x00007fff9b971000 	C:\WINDOWS\System32\WS2_32.dll
0x00007fff96230000 - 0x00007fff96264000 	C:\WINDOWS\SYSTEM32\WINMM.dll
0x00007fff92790000 - 0x00007fff9279a000 	C:\WINDOWS\SYSTEM32\VERSION.dll
0x00007fff99fe0000 - 0x00007fff9a02d000 	C:\WINDOWS\SYSTEM32\POWRPROF.dll
0x00007fff99fc0000 - 0x00007fff99fd3000 	C:\WINDOWS\SYSTEM32\UMPDC.dll
0x00007fff99140000 - 0x00007fff99158000 	C:\WINDOWS\SYSTEM32\kernel.appcore.dll
0x00007fff7be90000 - 0x00007fff7be9a000 	E:\LapTrinhAndroid\jbr\bin\jimage.dll
0x00007fff97c20000 - 0x00007fff97e52000 	C:\WINDOWS\SYSTEM32\DBGHELP.DLL
0x00007fff9ad70000 - 0x00007fff9b102000 	C:\WINDOWS\System32\combase.dll
0x00007fff9ced0000 - 0x00007fff9cfa7000 	C:\WINDOWS\System32\OLEAUT32.dll
0x00007fff7b570000 - 0x00007fff7b5a2000 	C:\WINDOWS\SYSTEM32\dbgcore.DLL
0x00007fff9a110000 - 0x00007fff9a18b000 	C:\WINDOWS\System32\bcryptPrimitives.dll
0x00007fff930f0000 - 0x00007fff930fe000 	E:\LapTrinhAndroid\jbr\bin\instrument.dll
0x00007fff75930000 - 0x00007fff75950000 	E:\LapTrinhAndroid\jbr\bin\java.dll
0x00007fff66ad0000 - 0x00007fff66ae8000 	E:\LapTrinhAndroid\jbr\bin\zip.dll
0x00007fff9c1b0000 - 0x00007fff9ca46000 	C:\WINDOWS\System32\SHELL32.dll
0x00007fff9a330000 - 0x00007fff9a46f000 	C:\WINDOWS\System32\wintypes.dll
0x00007fff98040000 - 0x00007fff9895a000 	C:\WINDOWS\SYSTEM32\windows.storage.dll
0x00007fff9beb0000 - 0x00007fff9bfba000 	C:\WINDOWS\System32\SHCORE.dll
0x00007fff9aca0000 - 0x00007fff9ad03000 	C:\WINDOWS\System32\shlwapi.dll
0x00007fff9a040000 - 0x00007fff9a06b000 	C:\WINDOWS\SYSTEM32\profapi.dll
0x00007fff78560000 - 0x00007fff78570000 	E:\LapTrinhAndroid\jbr\bin\net.dll
0x00007fff95ce0000 - 0x00007fff95e0c000 	C:\WINDOWS\SYSTEM32\WINHTTP.dll
0x00007fff995c0000 - 0x00007fff9962a000 	C:\WINDOWS\system32\mswsock.dll
0x00007fff64070000 - 0x00007fff64086000 	E:\LapTrinhAndroid\jbr\bin\nio.dll
0x00007fff62590000 - 0x00007fff625a0000 	E:\LapTrinhAndroid\jbr\bin\verify.dll
0x00007fff656b0000 - 0x00007fff656d7000 	C:\Users\HA VAN DAT\.gradle\native\c067742578af261105cb4f569cf0c3c89f3d7b1fecec35dd04571415982c5e48\windows-amd64\native-platform.dll
0x00007fff55d40000 - 0x00007fff55e84000 	C:\Users\HA VAN DAT\.gradle\native\100fb08df4bc3b14c8652ba06237920a3bd2aa13389f12d3474272988ae205f9\windows-amd64\native-platform-file-events.dll
0x00007fff70270000 - 0x00007fff70279000 	E:\LapTrinhAndroid\jbr\bin\management.dll
0x00007fff62b50000 - 0x00007fff62b5b000 	E:\LapTrinhAndroid\jbr\bin\management_ext.dll
0x00007fff9ad60000 - 0x00007fff9ad68000 	C:\WINDOWS\System32\PSAPI.DLL
0x00007fff99820000 - 0x00007fff9983b000 	C:\WINDOWS\SYSTEM32\CRYPTSP.dll
0x00007fff990a0000 - 0x00007fff990d7000 	C:\WINDOWS\system32\rsaenh.dll
0x00007fff996b0000 - 0x00007fff996d8000 	C:\WINDOWS\SYSTEM32\USERENV.dll
0x00007fff99810000 - 0x00007fff9981c000 	C:\WINDOWS\SYSTEM32\CRYPTBASE.dll
0x00007fff98bc0000 - 0x00007fff98bed000 	C:\WINDOWS\SYSTEM32\IPHLPAPI.DLL
0x00007fff9c180000 - 0x00007fff9c189000 	C:\WINDOWS\System32\NSI.dll
0x00007fff75920000 - 0x00007fff75929000 	E:\LapTrinhAndroid\jbr\bin\extnet.dll
0x00007fff79010000 - 0x00007fff79018000 	C:\WINDOWS\system32\wshunix.dll
0x00007fff98c30000 - 0x00007fff98d32000 	C:\WINDOWS\SYSTEM32\DNSAPI.dll
0x00007fff901f0000 - 0x00007fff901fa000 	C:\Windows\System32\rasadhlp.dll
0x00007fff92e50000 - 0x00007fff92ed3000 	C:\WINDOWS\System32\fwpuclnt.dll
0x00007fff99250000 - 0x00007fff99284000 	C:\WINDOWS\SYSTEM32\ntmarta.dll
0x00007fff957d0000 - 0x00007fff95867000 	C:\WINDOWS\system32\apphelp.dll

dbghelp: loaded successfully - version: 4.0.5 - missing functions: none
symbol engine: initialized successfully - sym options: 0x614 - pdb path: .;E:\LapTrinhAndroid\jbr\bin;C:\WINDOWS\SYSTEM32;C:\WINDOWS\WinSxS\amd64_microsoft.windows.common-controls_6595b64144ccf1df_6.0.22621.5124_none_270e8f4f7386d69d;E:\LapTrinhAndroid\jbr\bin\server;C:\Users\HA VAN DAT\.gradle\native\c067742578af261105cb4f569cf0c3c89f3d7b1fecec35dd04571415982c5e48\windows-amd64;C:\Users\HA VAN DAT\.gradle\native\100fb08df4bc3b14c8652ba06237920a3bd2aa13389f12d3474272988ae205f9\windows-amd64

VM Arguments:
jvm_args: --add-opens=java.base/java.util=ALL-UNNAMED --add-opens=java.base/java.lang=ALL-UNNAMED --add-opens=java.base/java.lang.invoke=ALL-UNNAMED --add-opens=java.prefs/java.util.prefs=ALL-UNNAMED --add-exports=jdk.compiler/com.sun.tools.javac.api=ALL-UNNAMED --add-exports=jdk.compiler/com.sun.tools.javac.util=ALL-UNNAMED --add-opens=java.base/java.nio.charset=ALL-UNNAMED --add-opens=java.base/java.net=ALL-UNNAMED --add-opens=java.base/java.util.concurrent.atomic=ALL-UNNAMED -Xmx2048m -Dfile.encoding=UTF-8 -Duser.country=US -Duser.language=en -Duser.variant -javaagent:C:\Users\HA VAN DAT\.gradle\wrapper\dists\gradle-8.10.2-bin\a04bxjujx95o3nb99gddekhwo\gradle-8.10.2\lib\agents\gradle-instrumentation-agent-8.10.2.jar 
java_command: org.gradle.launcher.daemon.bootstrap.GradleDaemon 8.10.2
java_class_path (initial): C:\Users\HA VAN DAT\.gradle\wrapper\dists\gradle-8.10.2-bin\a04bxjujx95o3nb99gddekhwo\gradle-8.10.2\lib\gradle-daemon-main-8.10.2.jar
Launcher Type: SUN_STANDARD

[Global flags]
     intx CICompilerCount                          = 3                                         {product} {ergonomic}
     uint ConcGCThreads                            = 1                                         {product} {ergonomic}
     uint G1ConcRefinementThreads                  = 4                                         {product} {ergonomic}
   size_t G1HeapRegionSize                         = 1048576                                   {product} {ergonomic}
    uintx GCDrainStackTargetSize                   = 64                                        {product} {ergonomic}
   size_t InitialHeapSize                          = 167772160                                 {product} {ergonomic}
   size_t MarkStackSize                            = 4194304                                   {product} {ergonomic}
   size_t MaxHeapSize                              = 2147483648                                {product} {command line}
   size_t MaxNewSize                               = 1287651328                                {product} {ergonomic}
   size_t MinHeapDeltaBytes                        = 1048576                                   {product} {ergonomic}
   size_t MinHeapSize                              = 8388608                                   {product} {ergonomic}
    uintx NonNMethodCodeHeapSize                   = 5832780                                {pd product} {ergonomic}
    uintx NonProfiledCodeHeapSize                  = 122912730                              {pd product} {ergonomic}
    uintx ProfiledCodeHeapSize                     = 122912730                              {pd product} {ergonomic}
    uintx ReservedCodeCacheSize                    = 251658240                              {pd product} {ergonomic}
     bool SegmentedCodeCache                       = true                                      {product} {ergonomic}
   size_t SoftMaxHeapSize                          = 2147483648                             {manageable} {ergonomic}
     bool UseCompressedOops                        = true                           {product lp64_product} {ergonomic}
     bool UseG1GC                                  = true                                      {product} {ergonomic}
     bool UseLargePagesIndividualAllocation        = false                                  {pd product} {ergonomic}

Logging:
Log output configuration:
 #0: stdout all=warning uptime,level,tags foldmultilines=false
 #1: stderr all=off uptime,level,tags foldmultilines=false

Environment Variables:
JAVA_HOME=C:\Program Files\Common Files\Oracle
PATH=C:\Program Files\Common Files\Oracle\Java\javapath;C:\WINDOWS\system32;C:\WINDOWS;C:\WINDOWS\System32\Wbem;C:\WINDOWS\System32\WindowsPowerShell\v1.0\;C:\WINDOWS\System32\OpenSSH\;E:\Dev-Cpp\MinGW64\bin;C:\Program Files (x86)\Microsoft SQL Server\160\Tools\Binn\;C:\Program Files\Microsoft SQL Server\160\Tools\Binn\;C:\Program Files\Microsoft SQL Server\Client SDK\ODBC\170\Tools\Binn\;C:\Program Files\Microsoft SQL Server\160\DTS\Binn\;C:\Program Files\Azure Data Studio\bin;C:\Program Files (x86)\Microsoft SQL Server\160\DTS\Binn\;C:\Program Files\nodejs\;C:\Program Files\Microsoft SQL Server\150\Tools\Binn\;E:\Git\cmd;E:\xampp\php;E:\Laravel;C:\composer;E:\SDK\emulator;C:\Program Files\dotnet\;C:\Users\HA VAN DAT\AppData\Local\Programs\Python\Python313\python.exe;C:\Users\HA VAN DAT\AppData\Local\Programs\Python\Python313\Scripts\pip.exe;E:\NoiLuuPython\Scripts\;E:\NoiLuuPython\;C:\Users\HA VAN DAT\AppData\Local\Programs\Python\Launcher\;C:\Users\HA VAN DAT\AppData\Local\Programs\Python\Python313\Scripts\;C:\Users\HA VAN DAT\AppData\Local\Programs\Python\Python313\;E:\Nõi lýu python\Scripts\;E:\Nõi lýu python\;E:\HocPython\Scripts\;E:\HocPython\;C:\Users\HA VAN DAT\AppData\Local\Microsoft\WindowsApps;C:\Program Files\Azure Data Studio\bin;C:\Users\HA VAN DAT\AppData\Roaming\npm;E:\HocPython\Nõi lýu file Cài ð?t Python\PyCharm Community Edition 2024.1.4\bin;;C:\Users\HA VAN DAT\.dotnet\tools;C:\Users\HA VAN DAT\AppData\Roaming\Composer\vendor\bin;E:\IntelliJ IDEA\IntelliJ IDEA Community Edition 2024.3.3\bin;;C:\Users\HA VAN DAT\AppData\Local\Programs\Microsoft VS Code\bin
USERNAME=HA VAN DAT
OS=Windows_NT
PROCESSOR_IDENTIFIER=AMD64 Family 23 Model 24 Stepping 1, AuthenticAMD
TMP=C:\Users\HAVAND~1\AppData\Local\Temp
TEMP=C:\Users\HAVAND~1\AppData\Local\Temp




Periodic native trim disabled

JNI global refs:
JNI global refs: 30, weak refs: 33

JNI global refs memory usage: 835, weak refs: 833

Process memory usage:
Resident Set Size: 590300K (5% of 10359048K total physical memory with 333564K free physical memory)

OOME stack traces (most recent first):
Classloader memory used:
Loader org.gradle.internal.classloader.VisitableURLClassLoader$InstrumentingVisitableURLClassLoader: 46589K
Loader org.gradle.internal.classloader.VisitableURLClassLoader                         : 41805K
Loader bootstrap                                                                       : 33474K
Loader org.gradle.initialization.MixInLegacyTypesClassLoader                           : 13004K
Loader jdk.internal.loader.ClassLoaders$PlatformClassLoader                            : 803K
Loader jdk.internal.reflect.DelegatingClassLoader                                      : 449K
Loader jdk.internal.loader.ClassLoaders$AppClassLoader                                 : 234K
Loader org.gradle.internal.classloader.VisitableURLClassLoader                         : 179K

Classes loaded by more than one classloader:
Class Program                                                                         : loaded 5 times (x 68B)
Class Build_gradle                                                                    : loaded 3 times (x 126B)
Class Build_gradle$1                                                                  : loaded 3 times (x 70B)
Class com.google.common.collect.RegularImmutableMap$KeySet                            : loaded 2 times (x 146B)
Class org.gradle.internal.classloader.FilteringClassLoader                            : loaded 2 times (x 101B)
Class [Lcom.google.common.collect.MapMakerInternalMap$Segment;                        : loaded 2 times (x 65B)
Class com.google.common.io.FileWriteMode                                              : loaded 2 times (x 75B)
Class [Lcom.google.common.base.AbstractIterator$State;                                : loaded 2 times (x 65B)
Class com.google.common.base.CharMatcher$IsEither                                     : loaded 2 times (x 107B)
Class org.gradle.internal.classloader.ClassLoaderHierarchy                            : loaded 2 times (x 66B)
Class com.google.common.collect.AbstractMapBasedMultimap$WrappedCollection            : loaded 2 times (x 120B)
Class com.google.common.collect.ImmutableEnumSet                                      : loaded 2 times (x 142B)
Class com.google.common.util.concurrent.ExecutionError                                : loaded 2 times (x 78B)
Class com.google.common.collect.ImmutableList$1                                       : loaded 2 times (x 93B)
Class org.gradle.api.internal.classpath.ManifestUtil                                  : loaded 2 times (x 67B)
Class com.google.common.io.ByteArrayDataOutput                                        : loaded 2 times (x 66B)
Class com.google.common.collect.RegularImmutableMap                                   : loaded 2 times (x 117B)
Class com.google.common.collect.ImmutableMap$MapViewOfValuesAsSingletonSets           : loaded 2 times (x 121B)
Class com.google.common.collect.TransformedListIterator                               : loaded 2 times (x 89B)
Class [Lorg.objectweb.asm.Symbol;                                                     : loaded 2 times (x 65B)
Class org.objectweb.asm.ClassVisitor                                                  : loaded 2 times (x 84B)
Class com.google.common.collect.UnmodifiableListIterator                              : loaded 2 times (x 91B)
Class com.google.common.collect.MapMakerInternalMap$StrongKeyDummyValueEntry$LinkedStrongKeyDummyValueEntry: loaded 2 times (x 78B)
Class com.google.common.collect.MapMakerInternalMap$Strength                          : loaded 2 times (x 76B)
Class com.google.common.base.Platform$JdkPatternCompiler                              : loaded 2 times (x 71B)
Class org.objectweb.asm.MethodTooLargeException                                       : loaded 2 times (x 79B)
Class [Lcom.google.common.cache.CacheBuilder$OneWeigher;                              : loaded 2 times (x 65B)
Class com.google.common.base.Suppliers                                                : loaded 2 times (x 67B)
Class org.gradle.internal.classloader.DefaultClassLoaderFactory                       : loaded 2 times (x 78B)
Class com.google.common.io.ByteSource$ConcatenatedByteSource                          : loaded 2 times (x 81B)
Class [Lcom.google.common.collect.AbstractIterator$State;                             : loaded 2 times (x 65B)
Class com.google.common.base.CharMatcher$None                                         : loaded 2 times (x 108B)
Class org.gradle.internal.classloader.ClassLoaderVisitor                              : loaded 2 times (x 72B)
Class [Lcom.google.common.collect.ImmutableMapEntry;                                  : loaded 2 times (x 65B)
Class org.gradle.api.internal.classpath.EffectiveClassPath                            : loaded 2 times (x 86B)
Class com.google.common.collect.CollectSpliterators$1WithCharacteristics              : loaded 2 times (x 86B)
Class com.google.common.collect.AbstractIterator$1                                    : loaded 2 times (x 67B)
Class com.google.common.collect.ImmutableRangeSet                                     : loaded 2 times (x 111B)
Class com.google.common.collect.ImmutableEnumMap                                      : loaded 2 times (x 121B)
Class com.google.common.collect.ListMultimap                                          : loaded 2 times (x 66B)
Class com.google.common.collect.Iterators$EmptyModifiableIterator                     : loaded 2 times (x 82B)
Class com.google.common.collect.Sets$1                                                : loaded 2 times (x 135B)
Class org.objectweb.asm.AnnotationVisitor                                             : loaded 2 times (x 74B)
Class com.google.common.base.Splitter                                                 : loaded 2 times (x 68B)
Class org.gradle.api.internal.DefaultClassPathProvider                                : loaded 2 times (x 72B)
Class com.google.common.io.CharSource$ConcatenatedCharSource                          : loaded 2 times (x 82B)
Class com.google.common.collect.MapMakerInternalMap$Strength$1                        : loaded 2 times (x 76B)
Class com.google.common.collect.Maps$ViewCachingAbstractMap                           : loaded 2 times (x 121B)
Class com.google.common.collect.Sets$2                                                : loaded 2 times (x 135B)
Class [Lorg.gradle.api.internal.ClassPathProvider;                                    : loaded 2 times (x 65B)
Class org.gradle.api.internal.ClassPathProvider                                       : loaded 2 times (x 66B)
Class com.google.common.collect.MapMakerInternalMap$Strength$2                        : loaded 2 times (x 76B)
Class [Lorg.objectweb.asm.AnnotationVisitor;                                          : loaded 2 times (x 65B)
Class com.google.common.collect.Sets$3                                                : loaded 2 times (x 135B)
Class com.google.common.util.concurrent.AbstractFuture$SafeAtomicHelper               : loaded 2 times (x 75B)
Class com.google.common.cache.LocalCache$LocalLoadingCache                            : loaded 2 times (x 130B)
Class com.google.common.base.AbstractIterator$State                                   : loaded 2 times (x 75B)
Class org.gradle.internal.service.UnknownServiceException                             : loaded 2 times (x 79B)
Class com.google.common.io.ByteArrayDataInput                                         : loaded 2 times (x 66B)
Class com.google.common.collect.MapMakerInternalMap$StrongValueEntry                  : loaded 2 times (x 66B)
Class com.google.common.collect.Sets$4                                                : loaded 2 times (x 135B)
Class org.objectweb.asm.ModuleVisitor                                                 : loaded 2 times (x 77B)
Class com.google.common.cache.LocalCache$Strength$1                                   : loaded 2 times (x 77B)
Class com.google.common.util.concurrent.SettableFuture                                : loaded 2 times (x 110B)
Class com.google.common.cache.LocalCache$Strength$2                                   : loaded 2 times (x 77B)
Class com.google.common.io.ByteStreams                                                : loaded 2 times (x 67B)
Class com.google.common.collect.Interners$InternerImpl                                : loaded 2 times (x 71B)
Class com.google.common.collect.Interner                                              : loaded 2 times (x 66B)
Class com.google.common.collect.TransformedIterator                                   : loaded 2 times (x 76B)
Class com.google.common.cache.LocalCache$Strength$3                                   : loaded 2 times (x 77B)
Class com.google.common.collect.MapDifference                                         : loaded 2 times (x 66B)
Class com.google.common.base.Splitter$1                                               : loaded 2 times (x 73B)
Class com.google.common.collect.MapMaker$Dummy                                        : loaded 2 times (x 75B)
Class org.objectweb.asm.FieldWriter                                                   : loaded 2 times (x 74B)
Class com.google.common.cache.CacheBuilder$NullListener                               : loaded 2 times (x 78B)
Class org.gradle.internal.classpath.TransformedClassPath                              : loaded 2 times (x 92B)
Class org.gradle.internal.classloader.InstrumentingClassLoader                        : loaded 2 times (x 66B)
Class com.google.common.collect.ImmutableListMultimap                                 : loaded 2 times (x 172B)
Class com.google.common.collect.ImmutableRangeSet$AsSet                               : loaded 2 times (x 295B)
Class com.google.common.cache.CacheLoader$FunctionToCacheLoader                       : loaded 2 times (x 71B)
Class com.google.common.collect.Iterators$ArrayItr                                    : loaded 2 times (x 93B)
Class com.google.common.collect.ImmutableCollection$Builder                           : loaded 2 times (x 72B)
Class com.google.common.collect.EmptyImmutableListMultimap                            : loaded 2 times (x 172B)
Class com.google.common.collect.BaseImmutableMultimap                                 : loaded 2 times (x 119B)
Class com.google.common.base.Joiner                                                   : loaded 2 times (x 75B)
Class com.google.common.base.MoreObjects                                              : loaded 2 times (x 67B)
Class [Lorg.objectweb.asm.Attribute;                                                  : loaded 2 times (x 65B)
Class [Lorg.objectweb.asm.Type;                                                       : loaded 2 times (x 65B)
Class com.google.common.collect.Platform                                              : loaded 2 times (x 67B)
Class com.google.common.collect.UnmodifiableIterator                                  : loaded 2 times (x 76B)
Class org.gradle.internal.service.ServiceLocator                                      : loaded 2 times (x 66B)
Class com.google.common.base.Ascii                                                    : loaded 2 times (x 67B)
Class com.google.common.collect.SingletonImmutableBiMap                               : loaded 2 times (x 139B)
Class com.google.common.cache.LocalCache$1                                            : loaded 2 times (x 85B)
Class com.google.common.collect.AbstractMapEntry                                      : loaded 2 times (x 77B)
Class com.google.common.io.CharSource$StringCharSource                                : loaded 2 times (x 82B)
Class com.google.common.io.ByteSource$ByteArrayByteSource                             : loaded 2 times (x 81B)
Class com.google.common.collect.MapMakerInternalMap$AbstractStrongKeyEntry            : loaded 2 times (x 76B)
Class com.google.common.collect.Sets$ImprovedAbstractSet                              : loaded 2 times (x 131B)
Class com.google.common.collect.ImmutableList$Builder                                 : loaded 2 times (x 73B)
Class com.google.common.cache.LocalCache$2                                            : loaded 2 times (x 138B)
Class com.google.common.collect.AbstractMultimap                                      : loaded 2 times (x 119B)
Class com.google.common.collect.ImmutableRangeSet$1                                   : loaded 2 times (x 205B)
Class com.google.common.util.concurrent.AbstractFuture$UnsafeAtomicHelper$1           : loaded 2 times (x 72B)
Class com.google.common.collect.RegularImmutableAsList                                : loaded 2 times (x 212B)
Class com.google.common.base.Optional                                                 : loaded 2 times (x 76B)
Class com.google.common.collect.Range                                                 : loaded 2 times (x 83B)
Class com.google.common.util.concurrent.AbstractFuture$Trusted                        : loaded 2 times (x 66B)
Class com.google.common.collect.Iterators                                             : loaded 2 times (x 67B)
Class com.google.common.base.CharMatcher$RangesMatcher                                : loaded 2 times (x 108B)
Class com.google.common.io.ByteSink$AsCharSink                                        : loaded 2 times (x 76B)
Class com.google.common.util.concurrent.UncheckedExecutionException                   : loaded 2 times (x 78B)
Class com.google.common.collect.Lists$StringAsImmutableList                           : loaded 2 times (x 203B)
Class org.gradle.kotlin.dsl.VersionCatalogAccessorsKt                                 : loaded 2 times (x 67B)
Class com.google.common.collect.ImmutableSortedSetFauxverideShim                      : loaded 2 times (x 143B)
Class com.google.common.base.CharMatcher$JavaLetterOrDigit                            : loaded 2 times (x 107B)
Class org.gradle.internal.InternalTransformer                                         : loaded 2 times (x 66B)
Class com.google.common.collect.AbstractMapBasedMultimap$KeySet$1                     : loaded 2 times (x 78B)
Class org.objectweb.asm.ClassWriter                                                   : loaded 2 times (x 102B)
Class com.google.common.cache.CacheLoader$UnsupportedLoadingOperationException        : loaded 2 times (x 78B)
Class com.google.common.base.CharMatcher$And                                          : loaded 2 times (x 108B)
Class org.gradle.internal.classloader.ClasspathUtil$1                                 : loaded 2 times (x 72B)
Class com.google.common.collect.FluentIterable$1                                      : loaded 2 times (x 77B)
Class com.google.common.base.Objects                                                  : loaded 2 times (x 67B)
Class org.objectweb.asm.FieldVisitor                                                  : loaded 2 times (x 73B)
Class com.google.common.collect.IndexedImmutableSet                                   : loaded 2 times (x 146B)
Class com.google.common.collect.ImmutableMap$1                                        : loaded 2 times (x 77B)
Class com.google.common.collect.BiMap                                                 : loaded 2 times (x 66B)
Class com.google.common.base.Equivalence$Identity                                     : loaded 2 times (x 78B)
Class com.google.common.base.Absent                                                   : loaded 2 times (x 76B)
Class com.google.common.collect.FluentIterable$2                                      : loaded 2 times (x 77B)
Class com.google.common.primitives.Ints                                               : loaded 2 times (x 67B)
Class com.google.common.collect.AbstractIterator                                      : loaded 2 times (x 78B)
Class com.google.common.collect.FluentIterable$3                                      : loaded 2 times (x 77B)
Class com.google.common.math.MathPreconditions                                        : loaded 2 times (x 67B)
Class com.google.common.collect.Multiset                                              : loaded 2 times (x 66B)
Class com.google.common.collect.ArrayListMultimapGwtSerializationDependencies         : loaded 2 times (x 168B)
Class com.google.common.collect.ObjectArrays                                          : loaded 2 times (x 67B)
Class com.google.common.collect.AbstractIndexedListIterator                           : loaded 2 times (x 92B)
Class com.google.common.collect.ImmutableMapEntrySet                                  : loaded 2 times (x 147B)
Class org.gradle.api.internal.classpath.Module                                        : loaded 2 times (x 66B)
Class com.google.common.cache.Weigher                                                 : loaded 2 times (x 66B)
Class org.gradle.api.internal.classpath.UnknownModuleException                        : loaded 2 times (x 78B)
Class com.google.common.base.Stopwatch                                                : loaded 2 times (x 68B)
Class com.google.common.cache.LocalCache$Strength                                     : loaded 2 times (x 77B)
Class com.google.common.cache.Cache                                                   : loaded 2 times (x 66B)
Class com.google.common.io.AppendableWriter                                           : loaded 2 times (x 96B)
Class com.google.common.io.Files$2                                                    : loaded 2 times (x 72B)
Class com.google.common.util.concurrent.AbstractFuture$Cancellation                   : loaded 2 times (x 68B)
Class com.google.common.collect.ImmutableMap$Builder                                  : loaded 2 times (x 78B)
Class com.google.common.base.NullnessCasts                                            : loaded 2 times (x 67B)
Class com.google.common.base.Present                                                  : loaded 2 times (x 77B)
Class com.google.common.collect.AbstractMapBasedMultimap$WrappedCollection$WrappedIterator: loaded 2 times (x 80B)
Class com.google.common.cache.RemovalListener                                         : loaded 2 times (x 66B)
Class org.gradle.api.internal.DefaultClassPathRegistry                                : loaded 2 times (x 72B)
Class com.google.common.collect.ImmutableMultimap$Keys                                : loaded 2 times (x 162B)
Class com.google.common.primitives.IntsMethodsForWeb                                  : loaded 2 times (x 67B)
Class com.google.common.collect.Multimap                                              : loaded 2 times (x 66B)
Class org.gradle.api.internal.ClassPathRegistry                                       : loaded 2 times (x 66B)
Class org.gradle.internal.classpath.DefaultClassPath$ImmutableUniqueList              : loaded 2 times (x 195B)
Class com.google.common.collect.NullnessCasts                                         : loaded 2 times (x 67B)
Class com.google.common.collect.MapMakerInternalMap$Segment                           : loaded 2 times (x 138B)
Class com.google.common.base.ExtraObjectsMethodsForWeb                                : loaded 2 times (x 67B)
Class com.google.common.base.PairwiseEquivalence                                      : loaded 2 times (x 79B)
Class com.google.common.io.ByteSink                                                   : loaded 2 times (x 72B)
Class com.google.common.cache.CacheBuilder                                            : loaded 2 times (x 68B)
Class com.google.common.collect.SingletonImmutableList                                : loaded 2 times (x 203B)
Class Settings_gradle$1                                                               : loaded 2 times (x 70B)
Class org.gradle.internal.classpath.ClassPath                                         : loaded 2 times (x 66B)
Class org.gradle.api.UncheckedIOException                                             : loaded 2 times (x 78B)
Class com.google.common.collect.Interners$InternerBuilder                             : loaded 2 times (x 72B)
Class com.google.common.io.Files$FileByteSource                                       : loaded 2 times (x 81B)
Class com.google.common.collect.ImmutableList$ReverseImmutableList                    : loaded 2 times (x 204B)
Class com.google.common.base.JdkPattern                                               : loaded 2 times (x 71B)
Class com.google.common.io.CharSource$CharSequenceCharSource                          : loaded 2 times (x 82B)
Class com.google.common.io.CharStreams$NullWriter                                     : loaded 2 times (x 95B)
Class org.objectweb.asm.SymbolTable$Entry                                             : loaded 2 times (x 70B)
Class com.google.common.util.concurrent.AbstractFuture$AtomicHelper                   : loaded 2 times (x 74B)
Class org.objectweb.asm.Edge                                                          : loaded 2 times (x 68B)
Class com.google.common.base.Suppliers$SupplierOfInstance                             : loaded 2 times (x 75B)
Class com.google.common.collect.Iterators$1                                           : loaded 2 times (x 77B)
Class com.google.common.cache.LocalCache$ComputingValueReference                      : loaded 2 times (x 92B)
Class com.google.common.collect.SingletonImmutableSet                                 : loaded 2 times (x 142B)
Class com.google.common.collect.ImmutableMap$IteratorBasedImmutableMap                : loaded 2 times (x 121B)
Class com.google.common.cache.LocalCache$Segment                                      : loaded 2 times (x 150B)
Class com.google.common.collect.SortedIterable                                        : loaded 2 times (x 66B)
Class [Lorg.objectweb.asm.SymbolTable$Entry;                                          : loaded 2 times (x 65B)
Class com.google.common.cache.CacheLoader                                             : loaded 2 times (x 70B)
Class com.google.common.collect.Iterators$4                                           : loaded 2 times (x 78B)
Class com.google.common.collect.ImmutableBiMap                                        : loaded 2 times (x 139B)
Class com.google.common.collect.AbstractListMultimap                                  : loaded 2 times (x 168B)
Class org.gradle.internal.installation.GradleInstallation$1                           : loaded 2 times (x 71B)
Class org.gradle.api.internal.classpath.ModuleRegistry                                : loaded 2 times (x 66B)
Class com.google.common.util.concurrent.internal.InternalFutureFailureAccess          : loaded 2 times (x 68B)
Class com.google.common.collect.Iterators$5                                           : loaded 2 times (x 78B)
Class com.google.common.collect.ImmutableSet$JdkBackedSetBuilderImpl                  : loaded 2 times (x 72B)
Class com.google.common.base.Splitter$SplittingIterator                               : loaded 2 times (x 80B)
Class com.google.common.collect.ImmutableMultimap$Values                              : loaded 2 times (x 122B)
Class com.google.common.io.Closer$SuppressingSuppressor                               : loaded 2 times (x 71B)
Class com.google.common.util.concurrent.AbstractFuture$UnsafeAtomicHelper             : loaded 2 times (x 74B)
Class com.google.common.cache.LocalCache$LocalManualCache$1                           : loaded 2 times (x 71B)
Class com.google.common.base.CharMatcher$ForPredicate                                 : loaded 2 times (x 108B)
Class com.google.common.collect.ImmutableCollection                                   : loaded 2 times (x 121B)
Class com.google.common.base.CharMatcher$AnyOf                                        : loaded 2 times (x 108B)
Class org.gradle.api.internal.classpath.DefaultModuleRegistry                         : loaded 2 times (x 82B)
Class com.google.common.util.concurrent.ListenableFuture                              : loaded 2 times (x 66B)
Class com.google.common.cache.ReferenceEntry                                          : loaded 2 times (x 66B)
Class com.google.common.collect.ImmutableSet$CachingAsList                            : loaded 2 times (x 143B)
Class com.google.common.base.Converter                                                : loaded 2 times (x 86B)
Class com.google.common.collect.Lists                                                 : loaded 2 times (x 67B)
Class com.google.common.base.CharMatcher$Any                                          : loaded 2 times (x 108B)
Class com.google.common.util.concurrent.AbstractFuture                                : loaded 2 times (x 102B)
Class com.google.common.base.FunctionalEquivalence                                    : loaded 2 times (x 79B)
Class com.google.common.collect.Iterators$9                                           : loaded 2 times (x 77B)
Class com.google.common.collect.AbstractMapBasedMultimap                              : loaded 2 times (x 135B)
Class com.google.common.collect.ImmutableAsList                                       : loaded 2 times (x 205B)
Class com.google.common.io.CharStreams                                                : loaded 2 times (x 67B)
Class com.google.common.collect.ImmutableMultiset                                     : loaded 2 times (x 159B)
Class org.objectweb.asm.RecordComponentVisitor                                        : loaded 2 times (x 73B)
Class com.google.common.cache.CacheLoader$SupplierToCacheLoader                       : loaded 2 times (x 71B)
Class com.google.common.collect.Maps$EntryTransformer                                 : loaded 2 times (x 66B)
Class org.gradle.internal.service.ServiceLookupException                              : loaded 2 times (x 78B)
Class com.google.common.collect.ImmutableSortedSet                                    : loaded 2 times (x 295B)
Class [Lcom.google.common.cache.LocalCache$EntryFactory;                              : loaded 2 times (x 65B)
Class com.google.common.base.CharMatcher$JavaLetter                                   : loaded 2 times (x 107B)
Class org.gradle.internal.classloader.ClassLoaderFactory                              : loaded 2 times (x 66B)
Class com.google.common.collect.ImmutableMap$SerializedForm                           : loaded 2 times (x 69B)
Class com.google.common.cache.LocalCache$LocalManualCache                             : loaded 2 times (x 95B)
Class com.google.common.base.CharMatcher$IsNot                                        : loaded 2 times (x 107B)
Class com.google.common.base.CommonPattern                                            : loaded 2 times (x 70B)
Class org.gradle.internal.service.CachingServiceLocator                               : loaded 2 times (x 78B)
Class com.google.common.collect.RegularImmutableSortedSet                             : loaded 2 times (x 295B)
Class com.google.common.collect.AbstractMapBasedMultimap$KeySet                       : loaded 2 times (x 133B)
Class com.google.common.math.IntMath                                                  : loaded 2 times (x 67B)
Class com.google.common.collect.MapMakerInternalMap$InternalEntry                     : loaded 2 times (x 66B)
Class com.google.common.collect.Iterators$10                                          : loaded 2 times (x 77B)
Class com.google.common.collect.ImmutableMapEntry                                     : loaded 2 times (x 81B)
Class com.google.common.base.CharMatcher$JavaDigit                                    : loaded 2 times (x 107B)
Class com.google.common.collect.ImmutableMultimap                                     : loaded 2 times (x 143B)
Class com.google.common.base.Equivalence                                              : loaded 2 times (x 78B)
Class com.google.common.collect.ImmutableMapEntry$NonTerminalImmutableMapEntry        : loaded 2 times (x 81B)
Class com.google.common.base.Function                                                 : loaded 2 times (x 66B)
Class com.google.common.collect.IndexedImmutableSet$1                                 : loaded 2 times (x 208B)
Class com.google.common.cache.CacheBuilder$OneWeigher                                 : loaded 2 times (x 78B)
Class com.google.common.collect.RegularImmutableList                                  : loaded 2 times (x 208B)
Class com.google.common.collect.ImmutableBiMapFauxverideShim                          : loaded 2 times (x 116B)
Class org.gradle.internal.classloader.ClasspathUtil                                   : loaded 2 times (x 67B)
Class com.google.common.base.Charsets                                                 : loaded 2 times (x 67B)
Class com.google.common.util.concurrent.Uninterruptibles                              : loaded 2 times (x 67B)
Class com.google.common.io.CharSource                                                 : loaded 2 times (x 81B)
Class com.google.common.collect.Maps                                                  : loaded 2 times (x 67B)
Class com.google.common.base.CharMatcher$JavaUpperCase                                : loaded 2 times (x 107B)
Class org.gradle.api.specs.Spec                                                       : loaded 2 times (x 66B)
Class com.google.common.collect.MapMaker                                              : loaded 2 times (x 68B)
Class [Lcom.google.common.collect.ImmutableEntry;                                     : loaded 2 times (x 65B)
Class com.google.common.cache.LocalCache$LoadingValueReference                        : loaded 2 times (x 92B)
Class org.gradle.api.internal.classpath.DefaultModuleRegistry$DefaultModule           : loaded 2 times (x 82B)
Class com.google.common.io.LineReader$1                                               : loaded 2 times (x 71B)
Class com.google.common.collect.CollectSpliterators                                   : loaded 2 times (x 67B)
Class com.google.common.collect.AbstractMapBasedMultimap$AsMap                        : loaded 2 times (x 124B)
Class com.google.common.collect.MapMakerInternalMap$StrongKeyDummyValueEntry          : loaded 2 times (x 78B)
Class com.google.common.base.Platform                                                 : loaded 2 times (x 67B)
Class com.google.common.collect.AbstractMapBasedMultimap$WrappedList                  : loaded 2 times (x 201B)
Class [Lorg.objectweb.asm.AnnotationWriter;                                           : loaded 2 times (x 65B)
Class com.google.common.primitives.Ints$IntConverter                                  : loaded 2 times (x 86B)
Class com.google.common.collect.Maps$8                                                : loaded 2 times (x 78B)
Class [Lcom.google.common.collect.Iterators$EmptyModifiableIterator;                  : loaded 2 times (x 65B)
Class com.google.common.collect.ImmutableRangeSet$Builder                             : loaded 2 times (x 73B)
Class com.google.common.collect.Sets$SetView                                          : loaded 2 times (x 134B)
Class com.google.common.cache.LocalCache$StrongValueReference                         : loaded 2 times (x 86B)
Class com.google.common.util.concurrent.AbstractFuture$SynchronizedHelper             : loaded 2 times (x 74B)
Class com.google.common.base.CharMatcher$Invisible                                    : loaded 2 times (x 108B)
Class com.google.common.graph.SuccessorsFunction                                      : loaded 2 times (x 66B)
Class org.objectweb.asm.Type                                                          : loaded 2 times (x 68B)
Class org.gradle.internal.classloader.VisitableURLClassLoader$InstrumentingVisitableURLClassLoader: loaded 2 times (x 119B)
Class com.google.common.collect.MapMakerInternalMap$StrongKeyDummyValueEntry$Helper   : loaded 2 times (x 75B)
Class com.google.common.io.Files$FileByteSink                                         : loaded 2 times (x 73B)
Class org.objectweb.asm.ByteVector                                                    : loaded 2 times (x 75B)
Class [Lcom.google.common.cache.CacheBuilder$NullListener;                            : loaded 2 times (x 65B)
Class com.google.common.math.IntMath$1                                                : loaded 2 times (x 67B)
Class org.gradle.internal.classloader.VisitableURLClassLoader$Spec                    : loaded 2 times (x 70B)
Class org.gradle.internal.classpath.DefaultClassPath                                  : loaded 2 times (x 86B)
Class org.objectweb.asm.Symbol                                                        : loaded 2 times (x 69B)
Class com.google.common.base.AbstractIterator                                         : loaded 2 times (x 76B)
Class com.google.common.io.Java8Compatibility                                         : loaded 2 times (x 67B)
Class com.google.common.io.Closer                                                     : loaded 2 times (x 74B)
Class com.google.common.collect.ImmutableSet                                          : loaded 2 times (x 141B)
Class com.google.common.collect.RegularImmutableMap$Values                            : loaded 2 times (x 203B)
Class com.google.common.base.CharMatcher$BitSetMatcher                                : loaded 2 times (x 108B)
Class com.google.common.base.CharMatcher$Ascii                                        : loaded 2 times (x 108B)
Class org.gradle.internal.classloader.ClassLoaderSpec                                 : loaded 2 times (x 67B)
Class com.google.common.io.ByteSource$EmptyByteSource                                 : loaded 2 times (x 81B)
Class org.objectweb.asm.AnnotationWriter                                              : loaded 2 times (x 75B)
Class com.google.common.cache.CacheStats                                              : loaded 2 times (x 67B)
Class com.google.common.collect.ImmutableMultisetGwtSerializationDependencies         : loaded 2 times (x 121B)
Class com.google.common.collect.Interners                                             : loaded 2 times (x 67B)
Class com.google.common.io.Closer$Suppressor                                          : loaded 2 times (x 66B)
Class com.google.common.io.LineProcessor                                              : loaded 2 times (x 66B)
Class org.objectweb.asm.RecordComponentWriter                                         : loaded 2 times (x 74B)
Class com.google.common.util.concurrent.AbstractFuture$Listener                       : loaded 2 times (x 68B)
Class com.google.common.base.CharMatcher$Or                                           : loaded 2 times (x 108B)
Class Settings_gradle$1$1                                                             : loaded 2 times (x 70B)
Class [Lorg.objectweb.asm.Label;                                                      : loaded 2 times (x 65B)
Class org.objectweb.asm.Attribute                                                     : loaded 2 times (x 73B)
Class com.google.common.base.Supplier                                                 : loaded 2 times (x 66B)
Class org.gradle.internal.classloader.VisitableURLClassLoader                         : loaded 2 times (x 113B)
Class com.google.common.io.CharSource$AsByteSource                                    : loaded 2 times (x 81B)
Class com.google.common.collect.ImmutableList$SerializedForm                          : loaded 2 times (x 69B)
Class com.google.common.util.concurrent.AbstractFuture$Waiter                         : loaded 2 times (x 68B)
Class Settings_gradle                                                                 : loaded 2 times (x 124B)
Class org.gradle.internal.Cast                                                        : loaded 2 times (x 67B)
Class org.gradle.api.Action                                                           : loaded 2 times (x 66B)
Class com.google.common.collect.MapMakerInternalMap                                   : loaded 2 times (x 157B)
Class com.google.common.base.Strings                                                  : loaded 2 times (x 67B)
Class com.google.common.collect.Sets                                                  : loaded 2 times (x 67B)
Class org.objectweb.asm.Handler                                                       : loaded 2 times (x 68B)
Class com.google.common.base.Ticker                                                   : loaded 2 times (x 68B)
Class com.google.common.base.CharMatcher$FastMatcher                                  : loaded 2 times (x 107B)
Class [Lcom.google.common.cache.LocalCache$Segment;                                   : loaded 2 times (x 65B)
Class [Lcom.google.common.cache.LocalCache$Strength;                                  : loaded 2 times (x 65B)
Class com.google.common.cache.CacheBuilder$1                                          : loaded 2 times (x 81B)
Class com.google.common.collect.ImmutableMap                                          : loaded 2 times (x 116B)
Class com.google.common.base.Predicate                                                : loaded 2 times (x 66B)
Class org.gradle.internal.classpath.DefaultClassPath$ImmutableUniqueList$Builder      : loaded 2 times (x 71B)
Class com.google.common.collect.MapMakerInternalMap$WeakValueReference                : loaded 2 times (x 66B)
Class com.google.common.collect.AbstractRangeSet                                      : loaded 2 times (x 110B)
Class com.google.common.cache.LocalCache                                              : loaded 2 times (x 183B)
Class com.google.common.cache.CacheBuilder$2                                          : loaded 2 times (x 68B)
Class com.google.common.base.CharMatcher$NegatedFastMatcher                           : loaded 2 times (x 109B)
Class [Lcom.google.common.collect.AbstractMapEntry;                                   : loaded 2 times (x 65B)
Class com.google.common.collect.ImmutableEntry                                        : loaded 2 times (x 78B)
Class com.google.common.collect.ArrayListMultimap                                     : loaded 2 times (x 168B)
Class com.google.common.base.AbstractIterator$1                                       : loaded 2 times (x 67B)
Class com.google.common.base.CharMatcher$Digit                                        : loaded 2 times (x 108B)
Class org.gradle.api.GradleException                                                  : loaded 2 times (x 78B)
Class com.google.common.io.CharSource$EmptyCharSource                                 : loaded 2 times (x 82B)
Class com.google.common.base.Suppliers$MemoizingSupplier                              : loaded 2 times (x 75B)
Class com.google.common.collect.CollectPreconditions                                  : loaded 2 times (x 67B)
Class com.google.common.base.CharMatcher$JavaIsoControl                               : loaded 2 times (x 108B)
Class [Lcom.google.common.collect.MapMakerInternalMap$Strength;                       : loaded 2 times (x 65B)
Class [Lcom.google.common.io.FileWriteMode;                                           : loaded 2 times (x 65B)
Class com.google.common.collect.SortedMapDifference                                   : loaded 2 times (x 66B)
Class com.google.common.base.CharMatcher$JavaLowerCase                                : loaded 2 times (x 107B)
Class com.google.common.collect.Iterables$4                                           : loaded 2 times (x 77B)
Class com.google.common.collect.MapMakerInternalMap$StrongKeyDummyValueSegment        : loaded 2 times (x 138B)
Class com.google.common.io.Files                                                      : loaded 2 times (x 67B)
Class com.google.common.cache.LocalCache$EntryFactory                                 : loaded 2 times (x 79B)
Class [Lcom.google.common.collect.MapMaker$Dummy;                                     : loaded 2 times (x 65B)
Class com.google.common.cache.LocalCache$AbstractReferenceEntry                       : loaded 2 times (x 103B)
Class com.google.common.base.Splitter$1$1                                             : loaded 2 times (x 82B)
Class com.google.common.base.CharMatcher$Whitespace                                   : loaded 2 times (x 108B)
Class org.gradle.internal.IoActions                                                   : loaded 2 times (x 67B)
Class com.google.common.collect.ImmutableMapKeySet                                    : loaded 2 times (x 146B)
Class com.google.common.collect.ImmutableRangeSet$ComplementRanges                    : loaded 2 times (x 203B)
Class org.objectweb.asm.SymbolTable                                                   : loaded 2 times (x 68B)
Class com.google.common.cache.CacheLoader$InvalidCacheLoadException                   : loaded 2 times (x 78B)
Class com.google.common.collect.ImmutableSet$RegularSetBuilderImpl                    : loaded 2 times (x 73B)
Class com.google.common.base.CharMatcher$SingleWidth                                  : loaded 2 times (x 108B)
Class org.gradle.internal.classloader.SystemClassLoaderSpec                           : loaded 2 times (x 67B)
Class com.google.common.collect.FluentIterable                                        : loaded 2 times (x 77B)
Class com.google.common.cache.LocalCache$StrongEntry                                  : loaded 2 times (x 104B)
Class com.google.common.util.concurrent.AbstractFuture$TrustedFuture                  : loaded 2 times (x 110B)
Class com.google.common.cache.LoadingCache                                            : loaded 2 times (x 66B)
Class com.google.common.io.ByteStreams$LimitedInputStream                             : loaded 2 times (x 88B)
Class com.google.common.base.Suppliers$NonSerializableMemoizingSupplier               : loaded 2 times (x 75B)
Class org.objectweb.asm.MethodWriter                                                  : loaded 2 times (x 102B)
Class [Lcom.google.common.cache.Weigher;                                              : loaded 2 times (x 65B)
Class com.google.common.collect.RegularImmutableMap$BucketOverflowException           : loaded 2 times (x 78B)
Class com.google.common.collect.ImmutableMultimap$1                                   : loaded 2 times (x 78B)
Class com.google.common.collect.AbstractMapBasedMultimap$RandomAccessWrappedList      : loaded 2 times (x 201B)
Class com.google.common.collect.AbstractIterator$State                                : loaded 2 times (x 75B)
Class com.google.common.collect.ImmutableMultimap$2                                   : loaded 2 times (x 77B)
Class com.google.common.collect.RegularImmutableBiMap                                 : loaded 2 times (x 144B)
Class com.google.common.cache.LocalCache$ValueReference                               : loaded 2 times (x 66B)
Class com.google.common.base.CharMatcher$Negated                                      : loaded 2 times (x 109B)
Class com.google.common.base.CharMatcher$Is                                           : loaded 2 times (x 107B)
Class com.google.common.hash.PrimitiveSink                                            : loaded 2 times (x 66B)
Class com.google.common.base.PatternCompiler                                          : loaded 2 times (x 66B)
Class com.google.common.util.concurrent.AbstractFuture$Failure                        : loaded 2 times (x 68B)
Class com.google.common.base.Equivalence$Equals                                       : loaded 2 times (x 78B)
Class com.google.common.collect.Hashing                                               : loaded 2 times (x 67B)
Class com.google.common.base.Preconditions                                            : loaded 2 times (x 67B)
Class com.google.common.collect.ImmutableSetMultimap                                  : loaded 2 times (x 176B)
Class com.google.common.io.CharSink                                                   : loaded 2 times (x 75B)
Class com.google.common.base.Joiner$1                                                 : loaded 2 times (x 76B)
Class org.objectweb.asm.Label                                                         : loaded 2 times (x 69B)
Class org.objectweb.asm.CurrentFrame                                                  : loaded 2 times (x 69B)
Class org.objectweb.asm.ClassTooLargeException                                        : loaded 2 times (x 79B)
Class com.google.common.collect.PeekingIterator                                       : loaded 2 times (x 66B)
Class com.google.common.base.CharMatcher                                              : loaded 2 times (x 107B)
Class com.google.common.io.ByteSource$AsCharSource                                    : loaded 2 times (x 82B)
Class com.google.common.collect.MapMakerInternalMap$InternalEntryHelper               : loaded 2 times (x 66B)
Class com.google.common.collect.Maps$IteratorBasedAbstractMap                         : loaded 2 times (x 121B)
Class com.google.common.collect.RangeGwtSerializationDependencies                     : loaded 2 times (x 67B)
Class com.google.common.collect.Table                                                 : loaded 2 times (x 66B)
Class com.google.common.base.Joiner$2                                                 : loaded 2 times (x 75B)
Class org.objectweb.asm.Frame                                                         : loaded 2 times (x 69B)
Class org.objectweb.asm.MethodVisitor                                                 : loaded 2 times (x 101B)
Class com.google.common.cache.LocalCache$EntryFactory$1                               : loaded 2 times (x 79B)
Class [Lcom.google.common.cache.RemovalListener;                                      : loaded 2 times (x 65B)
Class com.google.common.base.CharMatcher$1                                            : loaded 2 times (x 109B)
Class com.google.common.base.CharMatcher$NamedFastMatcher                             : loaded 2 times (x 108B)
Class com.google.common.collect.RangeSet                                              : loaded 2 times (x 66B)
Class com.google.common.cache.LocalCache$EntryFactory$2                               : loaded 2 times (x 79B)
Class org.gradle.api.internal.classpath.GlobalCacheRootsProvider                      : loaded 2 times (x 66B)
Class com.google.common.collect.CollectCollectors                                     : loaded 2 times (x 67B)
Class org.objectweb.asm.ModuleWriter                                                  : loaded 2 times (x 78B)
Class com.google.common.cache.LocalCache$EntryFactory$3                               : loaded 2 times (x 79B)
Class com.google.common.base.Ticker$1                                                 : loaded 2 times (x 68B)
Class com.google.common.collect.ImmutableMapEntrySet$RegularEntrySet                  : loaded 2 times (x 147B)
Class com.google.common.collect.Maps$BiMapConverter                                   : loaded 2 times (x 86B)
Class com.google.common.collect.SetMultimap                                           : loaded 2 times (x 66B)
Class com.google.common.cache.LocalCache$EntryFactory$4                               : loaded 2 times (x 79B)
Class com.google.common.collect.ImmutableSet$Builder                                  : loaded 2 times (x 81B)
Class com.google.common.base.CharMatcher$InRange                                      : loaded 2 times (x 107B)
Class com.google.common.io.ByteStreams$1                                              : loaded 2 times (x 81B)
Class com.google.common.cache.LocalCache$EntryFactory$5                               : loaded 2 times (x 79B)
Class com.google.common.io.LineReader                                                 : loaded 2 times (x 68B)
Class com.google.common.cache.LocalCache$EntryFactory$6                               : loaded 2 times (x 79B)
Class org.gradle.internal.installation.CurrentGradleInstallationLocator               : loaded 2 times (x 67B)
Class com.google.common.io.ByteSource$SlicedByteSource                                : loaded 2 times (x 81B)
Class com.google.common.collect.ImmutableMultimap$Builder                             : loaded 2 times (x 79B)
Class org.objectweb.asm.ClassReader                                                   : loaded 2 times (x 89B)
Class com.google.common.collect.Maps$KeySet                                           : loaded 2 times (x 133B)
Class com.google.common.cache.LocalCache$EntryFactory$7                               : loaded 2 times (x 79B)
Class com.google.common.collect.ImmutableSet$EmptySetBuilderImpl                      : loaded 2 times (x 72B)
Class com.google.common.collect.ImmutableList                                         : loaded 2 times (x 202B)
Class org.gradle.internal.service.DefaultServiceLocator                               : loaded 2 times (x 79B)
Class com.google.common.cache.LocalCache$SoftValueReference                           : loaded 2 times (x 93B)
Class com.google.common.collect.ImmutableMultimap$EntryCollection                     : loaded 2 times (x 123B)
Class com.google.common.collect.Maps$EntrySet                                         : loaded 2 times (x 132B)
Class com.google.common.cache.LocalCache$EntryFactory$8                               : loaded 2 times (x 79B)
Class com.google.common.collect.ImmutableSet$SetBuilderImpl                           : loaded 2 times (x 72B)
Class org.gradle.internal.installation.CurrentGradleInstallation                      : loaded 2 times (x 69B)
Class com.google.common.cache.CacheLoader$1                                           : loaded 2 times (x 71B)
Class com.google.common.collect.ForwardingObject                                      : loaded 2 times (x 68B)
Class com.google.common.collect.ImmutableList$SubList                                 : loaded 2 times (x 204B)
Class org.gradle.util.internal.GUtil                                                  : loaded 2 times (x 67B)
Class com.google.common.io.ByteSource                                                 : loaded 2 times (x 80B)
Class com.google.common.util.concurrent.AbstractFuture$SetFuture                      : loaded 2 times (x 71B)
Class com.google.common.cache.AbstractCache$StatsCounter                              : loaded 2 times (x 66B)
Class com.google.common.io.LineBuffer                                                 : loaded 2 times (x 71B)
Class com.google.common.collect.MapMakerInternalMap$1                                 : loaded 2 times (x 79B)
Class org.objectweb.asm.Context                                                       : loaded 2 times (x 68B)
Class com.google.common.collect.Iterators$MergingIterator                             : loaded 2 times (x 77B)
Class com.google.common.collect.RegularImmutableSet                                   : loaded 2 times (x 144B)
Class org.gradle.internal.installation.GradleInstallation                             : loaded 2 times (x 71B)
Class com.google.common.collect.Iterables                                             : loaded 2 times (x 67B)
Class com.google.common.base.Splitter$Strategy                                        : loaded 2 times (x 66B)

---------------  S Y S T E M  ---------------

OS:
 Windows 11 , 64 bit Build 22621 (10.0.22621.5124)
OS uptime: 0 days 22:14 hours

CPU: total 4 (initial active 4) (4 cores per cpu, 2 threads per core) family 23 model 24 stepping 1 microcode 0x0, cx8, cmov, fxsr, ht, mmx, 3dnowpref, sse, sse2, sse3, ssse3, sse4a, sse4.1, sse4.2, popcnt, lzcnt, tsc, tscinvbit, avx, avx2, aes, clmul, bmi1, bmi2, adx, sha, fma, vzeroupper, clflush, clflushopt, rdtscp, f16c
Processor Information for all 4 processors :
  Max Mhz: 2600, Current Mhz: 2600, Mhz Limit: 2600

Memory: 4k page, system-wide physical 10116M (325M free)
TotalPageFile size 16198M (AvailPageFile size 8M)
current process WorkingSet (physical memory assigned to process): 576M, peak: 577M
current process commit charge ("private bytes"): 602M, peak: 605M

vm_info: OpenJDK 64-Bit Server VM (21.0.5+-13047016-b750.29) for windows-amd64 JRE (21.0.5+-13047016-b750.29), built on 2025-02-11T21:12:39Z by "builder" with MS VC++ 16.10 / 16.11 (VS2019)

END.
